CODIGO,,DISTRITO,DEPARTAMENTO,MUNICIPIO,ESTABLECIMIENTO,DIRECCION,TELEFONO,SUPERVISOR,DIRECTOR,NIVEL,SECTOR,AREA,STATUS,MODALIDAD,JORNADA,PLAN,DEPARTAMENTAL
18-01-0041-46,,18-007,IZABAL,PUERTO BARRIOS,ESCUELA NACIONAL MIXTA DE CIENCIAS COMERCIALES DOMINGO JUARROS,14 CALLE Y 11 AVENIDA,79480444,EDVIN ADOLFO MORATAYA MENJIVAR,EDWIN NATALIO MARMOL LOAIZA,DIVERSIFICADO,OFICIAL,URBANA,ABIERTA,MONOLINGUE,MATUTINA,DIARIO(REGULAR),IZABAL
18-01-0042-46,,18-008,IZABAL,PUERTO BARRIOS,"ESCUELA PARTICULAR MIXTA ""JUSTO RUFINO BARRIOS""",8A AVENIDA ENTRE 17 Y 18 CALLES,79487032,ELENA ELIZABETH SUCHITE GARNICA DE QUINTANILLA,MARIO RENÉ JUÁREZ SALGUERO,DIVERSIFICADO,PRIVADO,URBANA,ABIERTA,MONOLINGUE,VESPERTINA,DIARIO(REGULAR),IZABAL
18-01-0045-46,,18-008,IZABAL,PUERTO BARRIOS,COLEGIO PARTICULAR MIXTO CRISTO REY,10A CALLE ENTRE 8A Y 9A AVENIDAS,79488225,ELENA ELIZABETH SUCHITE GARNICA DE QUINTANILLA,JAVIER ESTUARDO LÓPEZ TOBAR,DIVERSIFICADO,PRIVADO,URBANA,ABIERTA,MONOLINGUE,VESPERTINA,DIARIO(REGULAR),IZABAL
18-01-0145-46,,18-008,IZABAL,PUERTO BARRIOS,"COLEGIO CRISTIANO PRIVADO MIXTO ""CRISTO VIENE""",ALDEA ENTRE RIOS,40620273,ELENA ELIZABETH SUCHITE GARNICA DE QUINTANILLA,GRICELDA MAGALY LEMUS CALDERON,DIVERSIFICADO,PRIVADO,RURAL,ABIERTA,MONOLINGUE,VESPERTINA,DIARIO(REGULAR),IZABAL
18-01-0158-46,,18-008,IZABAL,PUERTO BARRIOS,"COLEGIO PARTICULAR MIXTO ""PIEDRAS NEGRAS""","COLONIA PIEDRAS NEGRAS, SANTO TOMAS DE CASTILLA",79453597,ELENA ELIZABETH SUCHITE GARNICA DE QUINTANILLA,LASTENIA CARÍAS SAMAYOA,DIVERSIFICADO,PRIVADO,RURAL,ABIERTA,MONOLINGUE,VESPERTINA,DIARIO(REGULAR),IZABAL
18-01-0162-46,,18-008,IZABAL,PUERTO BARRIOS,"COLEGIO PARTICULAR MIXTO ""PIEDRAS NEGRAS""","COLONIA PIEDRAS NEGRAS, SANTO TOMÁS DE CASTILLA",79484391-41051885,ELENA ELIZABETH SUCHITE GARNICA DE QUINTANILLA,LASTENIA CARÍAS SAMAYOA,DIVERSIFICADO,PRIVADO,RURAL,ABIERTA,MONOLINGUE,DOBLE,FIN DE SEMANA,IZABAL
18-01-0164-46,,18-008,IZABAL,PUERTO BARRIOS,LICEO TECNICO GUATEMALTECO IDETI,ALDEA PLACA NO. 1,57843058,ELENA ELIZABETH SUCHITE GARNICA DE QUINTANILLA,DAISY LORENA AGUIRRE VENTURA,DIVERSIFICADO,PRIVADO,RURAL,ABIERTA,MONOLINGUE,VESPERTINA,DIARIO(REGULAR),IZABAL
18-01-0168-46,,18-008,IZABAL,PUERTO BARRIOS,"COLEGIO CRISTIANO ""MARANATHA""",7A. AVENIDA ENTRE 16A. Y 17A. CALLES,79429136,ELENA ELIZABETH SUCHITE GARNICA DE QUINTANILLA,MARÍA ANTONIA OSORIO OLIVA,DIVERSIFICADO,PRIVADO,URBANA,ABIERTA,MONOLINGUE,VESPERTINA,DIARIO(REGULAR),IZABAL
18-01-0173-46,,18-007,IZABAL,PUERTO BARRIOS,INSTITUTO NACIONAL DE EDUCACION DIVERSIFICADA,COLONIA SAN MANUEL,79480444,EDVIN ADOLFO MORATAYA MENJIVAR,ELIA ERSELI FRANCO CALDERÓN,DIVERSIFICADO,OFICIAL,RURAL,ABIERTA,MONOLINGUE,MATUTINA,DIARIO(REGULAR),IZABAL
18-01-0174-46,,18-007,IZABAL,PUERTO BARRIOS,INSTITUTO NACIONAL DE EDUCACION DIVERSIFICADA,COLONIA MARIA LUISA I,79484363,EDVIN ADOLFO MORATAYA MENJIVAR,ROSA ORFILIA ESQUIVEL AVILA,DIVERSIFICADO,OFICIAL,RURAL,ABIERTA,MONOLINGUE,VESPERTINA,DIARIO(REGULAR),IZABAL
18-01-0178-46,,18-007,IZABAL,PUERTO BARRIOS,INSTITUTO NACIONAL DE EDUCACION DIVERSIFICADA,ALDEA SAN MIGUELITO,41718527,EDVIN ADOLFO MORATAYA MENJIVAR,SALVADOR EZEQUIAS DE LEÓN ALFARO,DIVERSIFICADO,OFICIAL,RURAL,ABIERTA,MONOLINGUE,VESPERTINA,DIARIO(REGULAR),IZABAL
18-01-0182-46,,18-008,IZABAL,PUERTO BARRIOS,"INSTITUTO PARTICULAR MIXTO ""DESARROLLO Y CIENCIA""",14 CALLE ENTRE 11 AVENIDA,79486407,ELENA ELIZABETH SUCHITE GARNICA DE QUINTANILLA,EDGAR ROMEO MARTÍNEZ CÁCERES,DIVERSIFICADO,PRIVADO,URBANA,ABIERTA,MONOLINGUE,DOBLE,FIN DE SEMANA,IZABAL
18-01-0185-46,,18-008,IZABAL,PUERTO BARRIOS,"INSTITUTO PARTICULAR MIXTO ""DESARROLLO Y CIENCIA""",14 CALLE ENTRE 11 AVENIDA,79429434,ELENA ELIZABETH SUCHITE GARNICA DE QUINTANILLA,EDGAR ROMEO MARTÍNEZ CÁCERES,DIVERSIFICADO,PRIVADO,URBANA,ABIERTA,MONOLINGUE,DOBLE,FIN DE SEMANA,IZABAL
18-01-0205-46,,18-008,IZABAL,PUERTO BARRIOS,"INSTITUTO PREUNIVERSITARIO DE IZABAL ""PREU""",COLONIA SAN CRISTOBAL ENTRE RIOS,49026498,ELENA ELIZABETH SUCHITE GARNICA DE QUINTANILLA,FREDY ANTONIO FLORES LÓPEZ,DIVERSIFICADO,PRIVADO,URBANA,ABIERTA,MONOLINGUE,VESPERTINA,DIARIO(REGULAR),IZABAL
18-01-0211-46,,18-008,IZABAL,PUERTO BARRIOS,"COLEGIO CRISTIANO PRIVADO MIXTO ""CRISTO VIENE""",ALDEA ENTRE RIOS,79475041,ELENA ELIZABETH SUCHITE GARNICA DE QUINTANILLA,GRICELDA MAGALY LEMUS CALDERON,DIVERSIFICADO,PRIVADO,RURAL,ABIERTA,MONOLINGUE,DOBLE,FIN DE SEMANA,IZABAL
18-01-0237-46,,18-008,IZABAL,PUERTO BARRIOS,LICEO TECNICO GUATEMALTECO IDETI,ALDEA LA PLACA NO. 1,57843058,ELENA ELIZABETH SUCHITE GARNICA DE QUINTANILLA,DAISY LORENA AGUIRRE VENTURA,DIVERSIFICADO,PRIVADO,RURAL,ABIERTA,MONOLINGUE,DOBLE,FIN DE SEMANA,IZABAL
18-01-0242-46,,18-008,IZABAL,PUERTO BARRIOS,INSTITUTO PARTICULAR MIXTO JOSE MARIA BONILLA RUANO,19 CALLE 14 AVENIDAS,53108367,ELENA ELIZABETH SUCHITE GARNICA DE QUINTANILLA,GUSTAVO GUMERCINDO RODAS MAZARIEGOS,DIVERSIFICADO,PRIVADO,URBANA,ABIERTA,MONOLINGUE,DOBLE,FIN DE SEMANA,IZABAL
18-01-0243-46,,18-008,IZABAL,PUERTO BARRIOS,INSTITUTO PARTICULAR MIXTO JOSE MARIA BONILLA RUANO,19 CALLE 14 AVENIDAS,53108367,ELENA ELIZABETH SUCHITE GARNICA DE QUINTANILLA,GUSTAVO GUMERCINDO RODAS MAZARIEGOS,DIVERSIFICADO,PRIVADO,URBANA,ABIERTA,MONOLINGUE,DOBLE,FIN DE SEMANA,IZABAL
18-01-0246-46,,18-008,IZABAL,PUERTO BARRIOS,COLEGIO PARTICULAR MIXTO SHADDAI,"COLONIA SAN AGUSTIN, DE SANTO TOMAS DE CASTILLA",79453430,ELENA ELIZABETH SUCHITE GARNICA DE QUINTANILLA,HERLINDO ARTIGA MARROQUÍN,DIVERSIFICADO,PRIVADO,RURAL,ABIERTA,MONOLINGUE,VESPERTINA,DIARIO(REGULAR),IZABAL
18-01-0276-46,,18-008,IZABAL,PUERTO BARRIOS,COLEGIO CRISTIANO PRIVADO MIXTO CRISTO VIENE,ALDEA ENTRE RIOS,40620273,ELENA ELIZABETH SUCHITE GARNICA DE QUINTANILLA,GRICELDA MAGALY LEMUS CALDERON,DIVERSIFICADO,PRIVADO,RURAL,ABIERTA,MONOLINGUE,DOBLE,FIN DE SEMANA,IZABAL
18-01-0285-46,,18-008,IZABAL,PUERTO BARRIOS,LICEO EDUCATIVO DE FORMACION INTEGRAL FUENTE DE VIDA,CASERIO COLINA II DE SANTO TOMAS DE CASTILLA,56112748,ELENA ELIZABETH SUCHITE GARNICA DE QUINTANILLA,MIRNA GUADALUPE SANDOVAL BARCENAS,DIVERSIFICADO,PRIVADO,URBANA,ABIERTA,MONOLINGUE,DOBLE,FIN DE SEMANA,IZABAL
18-01-0286-46,,18-008,IZABAL,PUERTO BARRIOS,COLEGIO PARTICULAR MIXTO MATIAS DE GALVEZ,COLONIA PIEDRAS NEGRAS,50157184,ELENA ELIZABETH SUCHITE GARNICA DE QUINTANILLA,SINDY MARISOL NUÑEZ VALIENTE,DIVERSIFICADO,PRIVADO,RURAL,ABIERTA,MONOLINGUE,VESPERTINA,DIARIO(REGULAR),IZABAL
18-01-0300-46,,18-009,IZABAL,PUERTO BARRIOS,"INSTITUTO TECNICO DE CAPACITACION Y PRODUCTIVIDAD, INTECAP",SANTO TOMAS DE CASTILLA,79483012,ANA MARIBEL CASTILLO DIAZ,NORA EUGENIA DÍAZ DÍAZ,DIVERSIFICADO,PRIVADO,RURAL,ABIERTA,MONOLINGUE,MATUTINA,DIARIO(REGULAR),IZABAL
18-01-0313-46,,18-008,IZABAL,PUERTO BARRIOS,"COLEGIO MIXTO BILINGUE ""QUETZALLI""","3A. CALLE 15A. AVENIDA, COLONIA LAS FLORES, SANTO TOMAS DE CASTILLA",79600197,ELENA ELIZABETH SUCHITE GARNICA DE QUINTANILLA,JUAN CARLOS LUCERO ALVARADO,DIVERSIFICADO,PRIVADO,RURAL,ABIERTA,MONOLINGUE,MATUTINA,DIARIO(REGULAR),IZABAL
18-01-0317-46,,18-007,IZABAL,PUERTO BARRIOS,INSTITUTO NACIONAL DE EDUCACION DIVERSIFICADA -INED-,ALDEA SANTO TOMAS DE CASTILLA,41568056,EDVIN ADOLFO MORATAYA MENJIVAR,HUGO RANDOLFO BARRIENTOS MÉNDEZ,DIVERSIFICADO,OFICIAL,RURAL,ABIERTA,MONOLINGUE,VESPERTINA,DIARIO(REGULAR),IZABAL
18-01-0319-46,,18-008,IZABAL,PUERTO BARRIOS,"INSTITUTO PREUNIVERSITARIO DE IZABAL ""PREU""","COLONIA SAN CRISTOBAL, ENTRE RIOS, PUERTO BARRIOS",49026498,ELENA ELIZABETH SUCHITE GARNICA DE QUINTANILLA,FREDY ANTONIO FLORES LÓPEZ,DIVERSIFICADO,PRIVADO,RURAL,ABIERTA,MONOLINGUE,DOBLE,FIN DE SEMANA,IZABAL
18-01-0320-46,,18-008,IZABAL,PUERTO BARRIOS,"COLEGIO PARTICULAR MIXTO ""MATÍAS DE GÁLVEZ""","COLONIA PIEDRAS NEGRAS, ALDEA SANTO TOMÁS DE CASTILLA",56142325,ELENA ELIZABETH SUCHITE GARNICA DE QUINTANILLA,SINDY MARISOL NUÑEZ VALIENTE,DIVERSIFICADO,PRIVADO,RURAL,ABIERTA,MONOLINGUE,DOBLE,FIN DE SEMANA,IZABAL
18-01-0325-46,,18-008,IZABAL,PUERTO BARRIOS,"INSTITUTO PARTICULAR MIXTO ""EL DIVINO MAESTRO""",BARRIO EL PUEBLITO ALDEA SANTO TOMAS DE CASTILLA,79484009,ELENA ELIZABETH SUCHITE GARNICA DE QUINTANILLA,MANUEL DE JESÚS SAGASTUME CASASOLA,DIVERSIFICADO,PRIVADO,RURAL,ABIERTA,MONOLINGUE,DOBLE,FIN DE SEMANA,IZABAL
18-01-0326-46,,18-008,IZABAL,PUERTO BARRIOS,"COLEGIO LUTERANO ""CRISTO EL SALVADOR""",4A. AVENIDA 12-13 CALLES,79488357,ELENA ELIZABETH SUCHITE GARNICA DE QUINTANILLA,RICARDO AUGUSTO CASASOLA ANLÉU,DIVERSIFICADO,PRIVADO,URBANA,ABIERTA,MONOLINGUE,VESPERTINA,DIARIO(REGULAR),IZABAL
18-01-0327-46,,18-008,IZABAL,PUERTO BARRIOS,"COLEGIO PRIVADO MIXTO ECOLOGICO ""CAMPO Y VIDA""",ALDEA AGUA CALIENTE,45261770-46007362,ELENA ELIZABETH SUCHITE GARNICA DE QUINTANILLA,MARCO ANTONIO PÉREZ MONROY,DIVERSIFICADO,PRIVADO,RURAL,ABIERTA,MONOLINGUE,MATUTINA,DIARIO(REGULAR),IZABAL
18-01-0337-46,,18-007,IZABAL,PUERTO BARRIOS,INED PROF. HUGO LEONEL SANCÉ CETINO,21 CALLE 5A. Y 6A. AVENIDAS,54667746,EDVIN ADOLFO MORATAYA MENJIVAR,REGINA XIOMARA PEÑA GONZÁLEZ,DIVERSIFICADO,OFICIAL,URBANA,ABIERTA,MONOLINGUE,VESPERTINA,DIARIO(REGULAR),IZABAL
18-01-0343-46,,18-008,IZABAL,PUERTO BARRIOS,LICEO MIXTO BILINGÜE CANADIENSE,6A. CALLE Y 4A. AVENIDA,79480085-50307050,ELENA ELIZABETH SUCHITE GARNICA DE QUINTANILLA,WILMER EZEQUIEL MONGE MARTÍNEZ,DIVERSIFICADO,PRIVADO,URBANA,ABIERTA,MONOLINGUE,DOBLE,FIN DE SEMANA,IZABAL
18-01-0344-46,,18-008,IZABAL,PUERTO BARRIOS,LICEO MIXTO BINLINGÜE CANADIENSE,6A. CALLE Y 4A. AVENIDA,79480085-50307050,ELENA ELIZABETH SUCHITE GARNICA DE QUINTANILLA,WILMER EZEQUIEL MONGE MARTÍNEZ,DIVERSIFICADO,PRIVADO,URBANA,ABIERTA,MONOLINGUE,DOBLE,FIN DE SEMANA,IZABAL
18-01-0352-46,,18-008,IZABAL,PUERTO BARRIOS,LICEO EDUCATIVO DE FORMACION INTEGRAL FUENTE DE VIDA,"CASERIO COLINA II, ALDEA SANTO TOMAS DE CASTILLA",56112748,ELENA ELIZABETH SUCHITE GARNICA DE QUINTANILLA,MIRNA GUADALUPE SANDOVAL BARCENAS,DIVERSIFICADO,PRIVADO,RURAL,ABIERTA,MONOLINGUE,VESPERTINA,DIARIO(REGULAR),IZABAL
18-01-0356-46,,18-008,IZABAL,PUERTO BARRIOS,"COLEGIO PRIVADO MIXTO ""SAN JOSE""","BARRIO EL PUEBLITO, SANTO TOMAS DE CASTILLA",79484877,ELENA ELIZABETH SUCHITE GARNICA DE QUINTANILLA,LESVIA LINETH CARDONA NOVA,DIVERSIFICADO,PRIVADO,RURAL,ABIERTA,MONOLINGUE,VESPERTINA,DIARIO(REGULAR),IZABAL
18-01-0358-46,,18-008,IZABAL,PUERTO BARRIOS,"COLEGIO MIXTO BILINGÜE ""QUETZALLI""","3A. CALLE Y 15 AVENIDA, COLONIA LAS FLORES, SANTO TOMAS DE CASTILLA",79600197,ELENA ELIZABETH SUCHITE GARNICA DE QUINTANILLA,JUAN CARLOS LUCERO ALVARADO,DIVERSIFICADO,PRIVADO,RURAL,ABIERTA,MONOLINGUE,DOBLE,FIN DE SEMANA,IZABAL
18-01-0359-46,,18-008,IZABAL,PUERTO BARRIOS,"COLEGIO PARTICULAR MIXTO ""MIGUEL ANGEL ASTURIAS""",11 CALLE ENTRE 10 Y 11 AVENIDAS,79481153,ELENA ELIZABETH SUCHITE GARNICA DE QUINTANILLA,LUBIA JUDITH ORELLANA SALAS,DIVERSIFICADO,PRIVADO,URBANA,ABIERTA,MONOLINGUE,DOBLE,FIN DE SEMANA,IZABAL
18-01-0365-46,,18-008,IZABAL,PUERTO BARRIOS,LICEO DR. LUIS VON AHN,12 AVENIDA ENTRE 10 Y 11 CALLES,79524680-79524680,ELENA ELIZABETH SUCHITE GARNICA DE QUINTANILLA,ANGEL FELIPE LARIOS MELENDEZ,DIVERSIFICADO,PRIVADO,URBANA,ABIERTA,MONOLINGUE,VESPERTINA,DIARIO(REGULAR),IZABAL
18-01-0368-46,,18-008,IZABAL,PUERTO BARRIOS,"COLEGIO CRISTIANO MIXTO BILINGUE ""MI DULCE PARAISO""","4A, CALLE 15 AVENIDA, COLONIA SAN AGUSTIN, ALDEA SANTO TOMAS DE CASTILLA",79524378,ELENA ELIZABETH SUCHITE GARNICA DE QUINTANILLA,MAGGIE SHAUNNY MUÑOZ SALGUERO,DIVERSIFICADO,PRIVADO,RURAL,ABIERTA,MONOLINGUE,VESPERTINA,DIARIO(REGULAR),IZABAL
18-01-0369-46,,18-008,IZABAL,PUERTO BARRIOS,COLEGIO BILINGÜE ABC,21 AVENIDA ENTRE 17-18 CALLE,79429590,ELENA ELIZABETH SUCHITE GARNICA DE QUINTANILLA,DORA LETICIA CARDONA DE LA CRUZ,DIVERSIFICADO,PRIVADO,URBANA,ABIERTA,MONOLINGUE,DOBLE,DIARIO(REGULAR),IZABAL
18-01-0377-46,,18-008,IZABAL,PUERTO BARRIOS,"INSTITUTO PARTICULAR MIXTO ""ADONAI""",CASERIO LA REFINERIA,54837080,ELENA ELIZABETH SUCHITE GARNICA DE QUINTANILLA,SANDRA PATRICIA LÓPEZ JORDÁN,DIVERSIFICADO,PRIVADO,URBANA,ABIERTA,MONOLINGUE,DOBLE,FIN DE SEMANA,IZABAL
18-01-0378-46,,18-008,IZABAL,PUERTO BARRIOS,"INSTITUTO PARTICULAR MIXTO ""ADONAI""",CASERIO LA REFINERIA,54837080,ELENA ELIZABETH SUCHITE GARNICA DE QUINTANILLA,SANDRA PATRICIA LÓPEZ JORDÁN,DIVERSIFICADO,PRIVADO,URBANA,ABIERTA,MONOLINGUE,DOBLE,FIN DE SEMANA,IZABAL
18-01-0385-46,,18-008,IZABAL,PUERTO BARRIOS,"COLEGIO PARTICULAR MIXTO ""RAFAEL ALVAREZ OVALLE""",ALDEA EL COROZO MILLA 4,53444994,ELENA ELIZABETH SUCHITE GARNICA DE QUINTANILLA,HEIDY ALEJANDRA ALDANA LÓPEZ,DIVERSIFICADO,PRIVADO,RURAL,ABIERTA,MONOLINGUE,DOBLE,FIN DE SEMANA,IZABAL
18-01-0394-46,,18-008,IZABAL,PUERTO BARRIOS,LICEO DR. LUIS VON AHN,12 AVENIDA ENTRE 10 Y 11 CALLES,79480009,ELENA ELIZABETH SUCHITE GARNICA DE QUINTANILLA,ANGEL FELIPE LARIOS MELENDEZ,DIVERSIFICADO,PRIVADO,URBANA,ABIERTA,MONOLINGUE,DOBLE,FIN DE SEMANA,IZABAL
18-01-0400-46,,18-008,IZABAL,PUERTO BARRIOS,CENTRO EDUCATIVO DE FORMACIÓN INTEGRAL SAN MARTÍN DE PORRES,5A AVENIDA ENTRE 3A. Y 4A. CALLES,41542920,ELENA ELIZABETH SUCHITE GARNICA DE QUINTANILLA,GUSTAVO ADOLFO BATRES ESPINOZA,DIVERSIFICADO,PRIVADO,URBANA,ABIERTA,MONOLINGUE,DOBLE,FIN DE SEMANA,IZABAL
18-01-0402-46,,18-009,IZABAL,PUERTO BARRIOS,CENTRO DE DESARROLLO HUMANO TECNOLOGICO ASOCIACION GRUPO CEIBA,"COLONIA SAN AGUSTIN, ALDEA SANTO TOMAS DE CASTILLA",41310547,ANA MARIBEL CASTILLO DIAZ,MARIA DEL CARMEN URIZAR CATALAN,DIVERSIFICADO,PRIVADO,RURAL,ABIERTA,MONOLINGUE,DOBLE,FIN DE SEMANA,IZABAL
18-01-0403-46,,18-008,IZABAL,PUERTO BARRIOS,COLEGIO MIXTO BILINGUE QUETZALLI,"COLONIA LAS FLORES, ALDEA SANTO TOMAS DE CASTILLA",31229254,ELENA ELIZABETH SUCHITE GARNICA DE QUINTANILLA,JUAN CARLOS LUCERO ALVARADO,DIVERSIFICADO,PRIVADO,RURAL,ABIERTA,MONOLINGUE,DOBLE,FIN DE SEMANA,IZABAL
18-01-0404-46,,18-008,IZABAL,PUERTO BARRIOS,LICEO TECNICO GUATEMALTECO IDETI,ALDEA PLACA NO.1,50184029,ELENA ELIZABETH SUCHITE GARNICA DE QUINTANILLA,GLORIA ELIZABETH REYES ALONZO,DIVERSIFICADO,PRIVADO,RURAL,ABIERTA,MONOLINGUE,DOBLE,FIN DE SEMANA,IZABAL
18-01-0405-46,,18-008,IZABAL,PUERTO BARRIOS,COLEGIO PARTICULAR MIXTO SHADDAI,3A. CALLE 1A. COLONIA SAN AGUSTIN SANTO TOMAS DE CASTILLA,79453430,ELENA ELIZABETH SUCHITE GARNICA DE QUINTANILLA,HERLINDO ARTIGA MARROQUIN,DIVERSIFICADO,PRIVADO,RURAL,ABIERTA,MONOLINGUE,DOBLE,FIN DE SEMANA,IZABAL
18-01-0406-46,,18-009,IZABAL,PUERTO BARRIOS,"PROGRAMA NACIONAL DE EDUCACION ALTERNATIVA, PRONEA",20 AVENIDA 13-14 CALLES,30785700,ANA MARIBEL CASTILLO DIAZ,EDIN ROBERTO CHUN JUC,DIVERSIFICADO,OFICIAL,RURAL,ABIERTA,MONOLINGUE,DOBLE,A DISTANCIA,IZABAL
18-01-0409-46,,18-008,IZABAL,PUERTO BARRIOS,COLEGIO CRISTIANO PRIVADO MIXTO CRISTO VIENE,ALDEA ENTRE RIOS,40620273,ELENA ELIZABETH SUCHITE GARNICA DE QUINTANILLA,GRICELDA MAGALY LEMUS CALDERON,DIVERSIFICADO,PRIVADO,RURAL,ABIERTA,MONOLINGUE,VESPERTINA,DIARIO(REGULAR),IZABAL
18-01-0413-46,,18-008,IZABAL,PUERTO BARRIOS,CAB SCHOOL PUERTO BARRIOS,"RIO CACAO, KILOMETRO 292, RUTA AL ATLANTICO",59899442,ELENA ELIZABETH SUCHITE GARNICA DE QUINTANILLA,ROSSANA AIMÉE CHIAPAS GALLARDO,DIVERSIFICADO,PRIVADO,URBANA,ABIERTA,MONOLINGUE,MATUTINA,DIARIO(REGULAR),IZABAL
18-01-0414-46,,18-009,IZABAL,PUERTO BARRIOS,CENTRO DE EDUCACION EXTRAESCOLAR -CEEX-DEPARTAMENTAL,20 AVENIDA 13 Y 14 CALLE,57175702,ANA MARIBEL CASTILLO DIAZ,MARÍA DEL CARMEN URIZAR CATALÁN,DIVERSIFICADO,OFICIAL,RURAL,ABIERTA,MONOLINGUE,DOBLE,DIARIO(REGULAR),IZABAL
18-01-0415-46,,18-008,IZABAL,PUERTO BARRIOS,"COLEGIO MIXTO BILINGUE ""QUETZALLI""",3A. CALLE 15 AVENIDA COLONIA LAS FLORES SANTO TOMAS DE CASTILLA,79600197,ELENA ELIZABETH SUCHITE GARNICA DE QUINTANILLA,JUAN CARLOS LUCERO ALVARADO,DIVERSIFICADO,PRIVADO,RURAL,ABIERTA,MONOLINGUE,VESPERTINA,DIARIO(REGULAR),IZABAL
18-01-0420-46,,18-008,IZABAL,PUERTO BARRIOS,COLEGIO EDUCATIVO PRIVADO MIXTO DE FORMACION INTEGRAL EN COMPUTACION CEIF COMP,7A. AVE. ENTRE 14 Y 15 CALLE,79524695,ELENA ELIZABETH SUCHITE GARNICA DE QUINTANILLA,MARCO TULIO FLORES LÓPEZ,DIVERSIFICADO,PRIVADO,URBANA,ABIERTA,MONOLINGUE,SIN JORNADA,SEMIPRESENCIAL (FIN DE SEMANA),IZABAL
18-01-0422-46,,18-008,IZABAL,PUERTO BARRIOS,"INSTITUTO PARTICULAR MIXTO DE BACHILLERATO POR MADUREZ ""DR. MARIANO GALVEZ""",ALDEA SANTO TOMAS DE CASTILLA,58963256,ELENA ELIZABETH SUCHITE GARNICA DE QUINTANILLA,ELIA ERSELI FRANCO CALDERÓN,DIVERSIFICADO,PRIVADO,RURAL,ABIERTA,MONOLINGUE,SIN JORNADA,SEMIPRESENCIAL (UN DÍA A LA SEMANA),IZABAL
18-01-0424-46,,18-008,IZABAL,PUERTO BARRIOS,COLEGIO PARTICULAR MIXTO 'MATIAS DE GALVEZ',"COLONIA PIEDRAS NEGRAS, ALDEA SANTO TOMÁS DE CASTILLA",56142325,ELENA ELIZABETH SUCHITE GARNICA DE QUINTANILLA,SINDY MARISOL NUÑEZ VALIENTE,DIVERSIFICADO,PRIVADO,RURAL,ABIERTA,MONOLINGUE,SIN JORNADA,SEMIPRESENCIAL (UN DÍA A LA SEMANA),IZABAL
18-01-0426-46,,18-008,IZABAL,PUERTO BARRIOS,LICEO MIXTO BILINGÜE CANADIENSE,6A. CALLE Y 4A. AVENIDA,50307050,ELENA ELIZABETH SUCHITE GARNICA DE QUINTANILLA,WILMER EZEQUIEL MONGE MARTÍNEZ,DIVERSIFICADO,PRIVADO,URBANA,ABIERTA,MONOLINGUE,SIN JORNADA,SEMIPRESENCIAL (UN DÍA A LA SEMANA),IZABAL
18-01-0428-46,,18-008,IZABAL,PUERTO BARRIOS,COLEGIO PARTICULAR MIXTO PIEDRAS NEGRAS,"COLONIA PIEDRAS NEGRAS, SANTO TOMAS DE CASTILLA",58368127,ELENA ELIZABETH SUCHITE GARNICA DE QUINTANILLA,LASTENIA CARÍAS SAMAYOA,DIVERSIFICADO,PRIVADO,RURAL,ABIERTA,MONOLINGUE,SIN JORNADA,SEMIPRESENCIAL (FIN DE SEMANA),IZABAL
18-01-0430-46,,18-008,IZABAL,PUERTO BARRIOS,CENTRO EDUCATIVO DE FORMACIÓN INTEGRAL SAN MARTÍN DE PORRES,22 CALLE ENTRE 7A.Y 8A. AV.,41542920,ELENA ELIZABETH SUCHITE GARNICA DE QUINTANILLA,GUSTAVO ADOLFO BATRES ESPINOZA,DIVERSIFICADO,PRIVADO,URBANA,ABIERTA,MONOLINGUE,SIN JORNADA,SEMIPRESENCIAL (FIN DE SEMANA),IZABAL
18-01-0432-46,,18-008,IZABAL,PUERTO BARRIOS,"COLEGIO CRISTIANO PRIVADO MIXTO ""CRISTO VIENE""",ALDEA ENTRE RIOS,40620273,ELENA ELIZABETH SUCHITE GARNICA DE QUINTANILLA,GRICELDA MAGALY LEMUS CALDERON,DIVERSIFICADO,PRIVADO,RURAL,ABIERTA,MONOLINGUE,SIN JORNADA,SEMIPRESENCIAL (FIN DE SEMANA),IZABAL
18-01-0434-46,,18-008,IZABAL,PUERTO BARRIOS,INSTITUTO PREUNIVERSITARIO DE IZABAL PREU,COLONIA SAN CRISTOBAL ENTRE RIOS,49026498,ELENA ELIZABETH SUCHITE GARNICA DE QUINTANILLA,FREDY ANTONIO FLORES LÓPEZ,DIVERSIFICADO,PRIVADO,RURAL,ABIERTA,MONOLINGUE,SIN JORNADA,SEMIPRESENCIAL (FIN DE SEMANA),IZABAL
18-01-0436-46,,18-008,IZABAL,PUERTO BARRIOS,LICEO DR. LUIS VON AHN,12 AVENIDA ENTRE 10 Y 11 CALLE,59864686,ELENA ELIZABETH SUCHITE GARNICA DE QUINTANILLA,ANGEL FELIPE LARIOS MELÉNDEZ,DIVERSIFICADO,PRIVADO,URBANA,ABIERTA,MONOLINGUE,SIN JORNADA,SEMIPRESENCIAL (UN DÍA A LA SEMANA),IZABAL
18-01-0438-46,,18-008,IZABAL,PUERTO BARRIOS,LICEO EDUCATIVO DE FORMACION INTEGRAL FUENTE DE VIDA,"CASERÍA COLINA II, SANTO TOMÁS DE CASTILLA",56112748,ELENA ELIZABETH SUCHITE GARNICA DE QUINTANILLA,MIRNA GUADALUPE SANDOVAL BARCENAS,DIVERSIFICADO,PRIVADO,RURAL,ABIERTA,MONOLINGUE,SIN JORNADA,SEMIPRESENCIAL (FIN DE SEMANA),IZABAL
18-01-0440-46,,18-008,IZABAL,PUERTO BARRIOS,"INSTITUTO PARTICULAR MIXTO ""JOSE MARIA BONILLA RUANO""",19 CALLE 14 AVENIDA,53108367,ELENA ELIZABETH SUCHITE GARNICA DE QUINTANILLA,GUSTAVO GUMERCINDO RODAS MAZARIEGOS,DIVERSIFICADO,PRIVADO,URBANA,ABIERTA,MONOLINGUE,SIN JORNADA,SEMIPRESENCIAL (FIN DE SEMANA),IZABAL
18-01-0442-46,,18-008,IZABAL,PUERTO BARRIOS,"COLEGIO PARTICULAR MIXTO ""MIGUEL ANGEL ASTURIAS""",11 CALLE 10 Y 11 AVENIDAS,79486905,ELENA ELIZABETH SUCHITE GARNICA DE QUINTANILLA,LUBIA JUDITH ORELLANA SALAS,DIVERSIFICADO,PRIVADO,URBANA,ABIERTA,MONOLINGUE,SIN JORNADA,SEMIPRESENCIAL (FIN DE SEMANA),IZABAL
18-01-0443-46,,18-008,IZABAL,PUERTO BARRIOS,"ESCUELA PARTICULAR MIXTA ""JUSTO RUFINO BARRIOS""",17 CALLE Y 8A. AVENIDA,79487031,ELENA ELIZABETH SUCHITE GARNICA DE QUINTANILLA,MARYLENA ESTRADA LEONARDO,DIVERSIFICADO,PRIVADO,URBANA,ABIERTA,MONOLINGUE,SIN JORNADA,SEMIPRESENCIAL (FIN DE SEMANA),IZABAL
18-01-0445-46,,18-008,IZABAL,PUERTO BARRIOS,"INSTITUTO PARTICULAR MIXTO ""ADONAI""",CASERIO LA REFINERIA,54837080,ELENA ELIZABETH SUCHITE GARNICA DE QUINTANILLA,MARÍA FERNANDA RODRÍGUEZ LÓPEZ,DIVERSIFICADO,PRIVADO,RURAL,ABIERTA,MONOLINGUE,SIN JORNADA,SEMIPRESENCIAL (FIN DE SEMANA),IZABAL
18-01-0447-46,,18-008,IZABAL,PUERTO BARRIOS,"INSTITUTO PARTICULAR MIXTO ""DESARROLLO Y CIENCIA""",14 CALLE ENTRE 11 Y 12 AVENIDA,59309334,ELENA ELIZABETH SUCHITE GARNICA DE QUINTANILLA,EDGAR ROMEO MARTÍNEZ CÁCERES,DIVERSIFICADO,PRIVADO,URBANA,ABIERTA,MONOLINGUE,SIN JORNADA,SEMIPRESENCIAL (FIN DE SEMANA),IZABAL
18-01-0449-46,,18-008,IZABAL,PUERTO BARRIOS,"INSTITUTO PARTICULAR MIXTO ""EL DIVINO MAESTRO""","BARRIO EL PUEBLITO, ALDEA SANTO TOMAS DE CASTILLA",79484009,ELENA ELIZABETH SUCHITE GARNICA DE QUINTANILLA,HELEN URI HERNANDEZ NAVAS,DIVERSIFICADO,PRIVADO,RURAL,ABIERTA,MONOLINGUE,SIN JORNADA,SEMIPRESENCIAL (FIN DE SEMANA),IZABAL
18-01-0461-46,,18-007,IZABAL,PUERTO BARRIOS,ESCUELA TECNICA DE FORMACION Y CAPACITACION DE DESAROLLOS HOTELEROS INTERNATIONAL,"14 CALLE FINAL, FINCA PICHILINGO",79311231,EDVIN ADOLFO MORATAYA MENJIVAR,MARÍA DEL PILAR DÍAZ JIMÉNEZ,DIVERSIFICADO,PRIVADO,URBANA,ABIERTA,MONOLINGUE,SIN JORNADA,SEMIPRESENCIAL (FIN DE SEMANA),IZABAL
18-01-0462-46,,18-007,IZABAL,PUERTO BARRIOS,INSTITUTO NACIONAL DE EDUCACION DIVERSIFICADA,ALDEA ENTRE RIOS,53350737,EDVIN ADOLFO MORATAYA MENJIVAR,CATHERINNE NATALY CACAO VALDEZ,DIVERSIFICADO,OFICIAL,RURAL,ABIERTA,MONOLINGUE,VESPERTINA,DIARIO(REGULAR),IZABAL
18-01-0464-46,,18-008,IZABAL,PUERTO BARRIOS,COLEGIO ADVENTISTA BETHANIA,7A. AVENIDA ENTRE 14 Y 15 CALLE,30376084,ELENA ELIZABETH SUCHITE GARNICA DE QUINTANILLA,SILVIA ODENA NAVAS ARIAS,DIVERSIFICADO,PRIVADO,URBANA,ABIERTA,MONOLINGUE,VESPERTINA,DIARIO(REGULAR),IZABAL
18-01-0465-46,,18-005,IZABAL,PUERTO BARRIOS,"COLEGIO PARTICULAR MIXTO ""MATÍAS DE GÁLVEZ""","COLONIA PIEDRAS NEGRAS, ALDEA SANTO TOMAS DE CASTILLA",56142325,ROSMERY YOHANA GARCIA ESQUIVEL,SINDY MARISOL NUÑEZ VALIENTE,DIVERSIFICADO,PRIVADO,RURAL,ABIERTA,MONOLINGUE,VESPERTINA,DIARIO(REGULAR),IZABAL
18-01-0468-46,,18-009,IZABAL,PUERTO BARRIOS,PROGRAMA DE EDUCACION ALTERNATIVA PRONEA,12 AVENIDA ENTRE 12 Y 13 CALLES,31063970,ANA MARIBEL CASTILLO DIAZ,ROSA MARÍA TEC CAC,DIVERSIFICADO,MUNICIPAL,URBANA,ABIERTA,MONOLINGUE,DOBLE,DIARIO(REGULAR),IZABAL
18-01-0470-46,,18-008,IZABAL,PUERTO BARRIOS,"""LICEO TÉCNICO GUATEMALTECO IDETI""","COLONIA PLACA UNO, ALDEA ENTRE RIOS",57843058,ELENA ELIZABETH SUCHITE GARNICA DE QUINTANILLA,DAISY LORENA AGUIRRE VENTURA,DIVERSIFICADO,PRIVADO,RURAL,ABIERTA,MONOLINGUE,SIN JORNADA,SEMIPRESENCIAL (FIN DE SEMANA),IZABAL
18-01-0472-46,,18-008,IZABAL,PUERTO BARRIOS,"COLEGIO PRIVADO MIXTO ""SAN JOSÉ""","BARRIO EL PUEBLITO, SANTO TOMAS DE CASTILLA",79484877,ELENA ELIZABETH SUCHITE GARNICA DE QUINTANILLA,NIDIA AMABILIA NOVA SAGASTUME,DIVERSIFICADO,PRIVADO,RURAL,ABIERTA,MONOLINGUE,DOBLE,FIN DE SEMANA,IZABAL
18-01-0473-46,,18-008,IZABAL,PUERTO BARRIOS,"COLEGIO PRIVADO MIXTO ""SAN JOSE""","BARRIO EL PUEBLITO, SANTO TOMAS DE CASTILLA",79484877,ELENA ELIZABETH SUCHITE GARNICA DE QUINTANILLA,NIDIA AMABILIA NOVA SAGASTUME,DIVERSIFICADO,PRIVADO,RURAL,ABIERTA,MONOLINGUE,SIN JORNADA,SEMIPRESENCIAL (FIN DE SEMANA),IZABAL
18-01-1025-46,,18-008,IZABAL,PUERTO BARRIOS,"COLEGIO PARTICULAR MIXTO ""MIGUEL ÁNGEL ASTURIAS""",11 CALLE ENTRE 10 Y 11 AVENIDA,79481153,ELENA ELIZABETH SUCHITE GARNICA DE QUINTANILLA,LUBIA JUDITH ORELLANA SALAS,DIVERSIFICADO,PRIVADO,URBANA,ABIERTA,MONOLINGUE,MATUTINA,DIARIO(REGULAR),IZABAL
18-01-1134-46,,18-008,IZABAL,PUERTO BARRIOS,"COLEGIO PARTICULAR MIXTO ""MIGUEL ANGEL ASTURIAS""",11 CALLE Y 10 Y 11 AVENIDAS,79481153,ELENA ELIZABETH SUCHITE GARNICA DE QUINTANILLA,LUBIA JUDITH ORELLANA SALAS,DIVERSIFICADO,PRIVADO,URBANA,ABIERTA,MONOLINGUE,VESPERTINA,DIARIO(REGULAR),IZABAL
18-01-1969-46,,18-008,IZABAL,PUERTO BARRIOS,"INSTITUTO PARTICULAR MIXTO ""EL DIVINO MAESTRO""","CALZADA CAMPO DE DIOS, BARRIO EL PUEBLITO",79484009,ELENA ELIZABETH SUCHITE GARNICA DE QUINTANILLA,HELEN URI HERNANDEZ NAVAS,DIVERSIFICADO,PRIVADO,URBANA,ABIERTA,MONOLINGUE,VESPERTINA,DIARIO(REGULAR),IZABAL
18-01-2453-46,,18-007,IZABAL,PUERTO BARRIOS,INED ADSCRITO AL INSTITUTO NACIONAL DE EDUCACION BASICA EXPERIMENTAL CON ORIENTACION OCUPACIONAL DR. LUIS PASTEUR,9A. AVE. ENTRE 14 Y 17 CALLES,79488096,EDVIN ADOLFO MORATAYA MENJIVAR,OLGA LETICIA TENAS MARTINEZ,DIVERSIFICADO,OFICIAL,URBANA,ABIERTA,MONOLINGUE,VESPERTINA,DIARIO(REGULAR),IZABAL
18-01-2487-46,,18-007,IZABAL,PUERTO BARRIOS,INSTITUTO DIVERSIFICADO POR COOPERATIVA,9A. AVE. ENTRE 14 Y 17 CALLE,79487047,EDVIN ADOLFO MORATAYA MENJIVAR,JOSÉ LUIS JUMIQUE CORONADO,DIVERSIFICADO,COOPERATIVA,URBANA,ABIERTA,MONOLINGUE,VESPERTINA,DIARIO(REGULAR),IZABAL
18-01-2642-46,,18-007,IZABAL,PUERTO BARRIOS,ESCUELA NORMAL DE EDUCACION FISICA,ALDEA SANTO TOMAS DE CASTILLA,79453875,EDVIN ADOLFO MORATAYA MENJIVAR,EDITH CONSUELO SIERRA JUÁREZ,DIVERSIFICADO,OFICIAL,RURAL,ABIERTA,MONOLINGUE,DOBLE,DIARIO(REGULAR),IZABAL
18-01-2722-46,,18-008,IZABAL,PUERTO BARRIOS,"INSTITUTO PARTICULAR MIXTO DE BACH. POR MADUREZ ""DR. MARIANO GÁLVEZ""",FRENTE AL PARQUE BELGA ALDEA SANTO TOMÁS DE CASTILLA,58685566,ELENA ELIZABETH SUCHITE GARNICA DE QUINTANILLA,SINDY MARISOL NUÑEZ VALIENTE,DIVERSIFICADO,PRIVADO,RURAL,ABIERTA,MONOLINGUE,DOBLE,FIN DE SEMANA,IZABAL
18-01-2823-46,,18-008,IZABAL,PUERTO BARRIOS,COLEGIO EDUCATIVO PRIVADO MIXTO DE FORMACION INTEGRAL EN COMPUTACION CEIF COMP,7AV. ENTRE 14 Y 15 CALLE EN PUERTO BARRIOS,79524695,ELENA ELIZABETH SUCHITE GARNICA DE QUINTANILLA,MARCO TULIO FLORES LÓPEZ,DIVERSIFICADO,PRIVADO,URBANA,ABIERTA,MONOLINGUE,DOBLE,FIN DE SEMANA,IZABAL
18-01-2830-46,,18-008,IZABAL,PUERTO BARRIOS,"COLEGIO EDUCATIVO PRIVADO MIXTO DE FORMACION INTEGRAL EN COMPUTACION, CEIF COMP","7A. AVENIDA ENTRE 14 Y 15 CALLE, PUERTO BARRIOS",79524695,ELENA ELIZABETH SUCHITE GARNICA DE QUINTANILLA,MARCO TULIO FLORES LÓPEZ,DIVERSIFICADO,PRIVADO,URBANA,ABIERTA,MONOLINGUE,DOBLE,FIN DE SEMANA,IZABAL
18-01-2919-46,,18-008,IZABAL,PUERTO BARRIOS,"INSTITUTO PARTICULAR MIXTO ""EL DIVINO MAESTRO""",CALZADA AL CAMPO DE DIOS ALDEA SANTO TOMAS DE CASTILLA,79484009,ELENA ELIZABETH SUCHITE GARNICA DE QUINTANILLA,HELEN URI HERNANDEZ NAVAS,DIVERSIFICADO,PRIVADO,RURAL,ABIERTA,MONOLINGUE,DOBLE,FIN DE SEMANA,IZABAL
18-01-2928-46,,18-008,IZABAL,PUERTO BARRIOS,COLEGIO PARTICULAR MIXTO 'MIGUEL ANGEL ASTURIAS',11 CALLE 10 Y 11 AV.,79481153,ELENA ELIZABETH SUCHITE GARNICA DE QUINTANILLA,LUBIA JUDITH ORELLANA SALAS,DIVERSIFICADO,PRIVADO,URBANA,ABIERTA,MONOLINGUE,DOBLE,FIN DE SEMANA,IZABAL
18-01-3017-46,,18-008,IZABAL,PUERTO BARRIOS,"ESCUELA PARTICULAR MIXTA ""JUSTO RUFINO BARRIOS""",8AV. 17 Y 18 CALLE,79487031,ELENA ELIZABETH SUCHITE GARNICA DE QUINTANILLA,MARYLENA ESTRADA LEONARDO,DIVERSIFICADO,PRIVADO,URBANA,ABIERTA,MONOLINGUE,DOBLE,FIN DE SEMANA,IZABAL
18-01-3030-46,,18-008,IZABAL,PUERTO BARRIOS,COLEGIO PARTICULAR MIXTO BILINGUE 'JOSE CECILIO DEL VALLE',CALLE PRINCIPAL ALDEA SANTO TOMAS DE CASTILLA,49546612,ELENA ELIZABETH SUCHITE GARNICA DE QUINTANILLA,NAZARIO CHÁVEZ PÉREZ,DIVERSIFICADO,PRIVADO,RURAL,ABIERTA,MONOLINGUE,VESPERTINA,DIARIO(REGULAR),IZABAL
18-01-3068-46,,18-008,IZABAL,PUERTO BARRIOS,COLEGIO TÉCNICO PRIVADO MIXTO LA PATRIA,ALDEA ENTRE RIOS,58302515,ELENA ELIZABETH SUCHITE GARNICA DE QUINTANILLA,SANTOS GUADALENI PERDOMO CRUZ,DIVERSIFICADO,PRIVADO,RURAL,ABIERTA,MONOLINGUE,DOBLE,FIN DE SEMANA,IZABAL
18-01-3107-46,,18-008,IZABAL,PUERTO BARRIOS,COLEGIO TECNICO PRIVADO MIXTO LA PATRIA,ALDEA ENTRE RIOS,58302515,ELENA ELIZABETH SUCHITE GARNICA DE QUINTANILLA,SANTOS GUADALENI PERDOMO CRUZ,DIVERSIFICADO,PRIVADO,RURAL,ABIERTA,MONOLINGUE,VESPERTINA,DIARIO(REGULAR),IZABAL
18-01-3235-46,,18-008,IZABAL,PUERTO BARRIOS,COLEGIO PARTICULAR MIXTO PIEDRAS NEGRAS,"COLONIA PIEDRAS NEGRAS, SANTO TOMÁS DE CASTILLA",58368127,ELENA ELIZABETH SUCHITE GARNICA DE QUINTANILLA,LASTENIA CARÍAS SAMAYOA,DIVERSIFICADO,PRIVADO,RURAL,ABIERTA,MONOLINGUE,DOBLE,FIN DE SEMANA,IZABAL
18-01-3245-46,,18-008,IZABAL,PUERTO BARRIOS,COLEGIO PARTICULAR MIXTO 'MATIAS DE GALVEZ',COLONIA PIEDRAS NEGRAS ALDEA SANTO TOMASDE CASTILLA,56142325,ELENA ELIZABETH SUCHITE GARNICA DE QUINTANILLA,SINDY MARISOL NUÑEZ VALIENTE,DIVERSIFICADO,PRIVADO,RURAL,ABIERTA,MONOLINGUE,DOBLE,FIN DE SEMANA,IZABAL
18-02-0108-46,,18-017,IZABAL,LIVINGSTON,"INSTITUTO PRIVADO MIXTO DE FORMACION JUVENIL ""RIO DULCE""",ALDEA FRONTERAS RIO DULCE,79305829,LEYVIMARLOT ENRIQUEZ ESPINOSA,MELVIN EDUARDO VENTURA QUINTANILLA,DIVERSIFICADO,PRIVADO,RURAL,ABIERTA,MONOLINGUE,VESPERTINA,DIARIO(REGULAR),IZABAL
18-02-0110-46,,18-017,IZABAL,LIVINGSTON,"INSTITUTO PRIVADO MIXTO DE FORMACION JUVENIL ""RIO DULCE""","ALDEA FRONTERAS, RIO DULCE",79305829,LEYVIMARLOT ENRIQUEZ ESPINOSA,MELVIN EDUARDO VENTURA QUINTANILLA,DIVERSIFICADO,PRIVADO,RURAL,ABIERTA,MONOLINGUE,DOBLE,FIN DE SEMANA,IZABAL
18-02-0188-46,,18-040,IZABAL,LIVINGSTON,INSTITUTO NACIONAL DE EDUCACION DIVERSIFICADA,"CALLE DE LA IGLESIA, BARRIO MINERVA",46129146,LORENZO VILLANUEVA COY,MITZI LISSETH ALVAREZ TORO,DIVERSIFICADO,OFICIAL,URBANA,ABIERTA,MONOLINGUE,VESPERTINA,DIARIO(REGULAR),IZABAL
18-02-0191-46,,18-013,IZABAL,LIVINGSTON,INSTITUTO NACIONAL DE EDUCACION DIVERSIFICADA,ALDEA FRONTERAS RÍO DULCE,31298390,ILY MAYBELI CHACON PALMA,WILLIAM OSWALDO PACHAM POP,DIVERSIFICADO,OFICIAL,RURAL,ABIERTA,MONOLINGUE,VESPERTINA,DIARIO(REGULAR),IZABAL
18-02-0242-46,,18-011,IZABAL,LIVINGSTON,"COLEGIO PRIVADO MIXTO ""KATERI TEKAKWITHA""",BARRIO MINERVA,79470298,JUAN OSVALDO ESTERO MARTINEZ,EDWIN ROLANDO SAMOL ESQUIT,DIVERSIFICADO,PRIVADO,URBANA,ABIERTA,MONOLINGUE,VESPERTINA,DIARIO(REGULAR),IZABAL
18-02-0254-46,,18-017,IZABAL,LIVINGSTON,COLEGIO PARTICULAR MIXTO RIO DULCE,ALDEA FRONTERAS RIO DULCE,79305368,LEYVIMARLOT ENRIQUEZ ESPINOSA,RUBÉN DARÍO NOLASCO PÉREZ,DIVERSIFICADO,PRIVADO,RURAL,ABIERTA,MONOLINGUE,VESPERTINA,DIARIO(REGULAR),IZABAL
18-02-0255-46,,18-017,IZABAL,LIVINGSTON,COLEGIO PARTICULAR MIXTO RIO DULCE,ALDEA FRONTERAS RIO DULCE,79305368,LEYVIMARLOT ENRIQUEZ ESPINOSA,RUBÉN DARÍO NOLASCO PÉREZ,DIVERSIFICADO,PRIVADO,RURAL,ABIERTA,MONOLINGUE,DOBLE,DIARIO(REGULAR),IZABAL
18-02-0280-46,,18-017,IZABAL,LIVINGSTON,COLEGIO PARTICULAR MIXTO MUNDO JUVENIL,"BARRIO EL TALLER FRONTERAS, ALDEA FRONTERAS",37472007,LEYVIMARLOT ENRIQUEZ ESPINOSA,RAFAEL ELVIN RETANA CRUZ,DIVERSIFICADO,PRIVADO,RURAL,ABIERTA,MONOLINGUE,DOBLE,FIN DE SEMANA,IZABAL
18-02-0281-46,,18-017,IZABAL,LIVINGSTON,COLEGIO PARTICULAR MIXTO MUNDO JUVENIL,BARRIO EL TALLER FRONTERAS ALDEA FRONTERAS,37472007,LEYVIMARLOT ENRIQUEZ ESPINOSA,RAFAEL ELVIN RETANA CRUZ,DIVERSIFICADO,PRIVADO,RURAL,ABIERTA,MONOLINGUE,VESPERTINA,DIARIO(REGULAR),IZABAL
18-02-0291-46,,18-017,IZABAL,LIVINGSTON,COLEGIO PARTICULAR MIXTO LIC. HECTOR ARTURO CARPIO ESCOBAR,ALDEA GUITARRAS,40629261,LEYVIMARLOT ENRIQUEZ ESPINOSA,JAVIER ICAL CHÉN,DIVERSIFICADO,PRIVADO,RURAL,ABIERTA,BILINGUE,VESPERTINA,DIARIO(REGULAR),IZABAL
18-02-0304-46,,18-016,IZABAL,LIVINGSTON,INSTITUTO NACIONAL DE EDUCACION DIVERSIFICADA -INED-,ALDEA BUENOS AIRES,56233606,DEYSI YANNETH LINARES CALLES DE ENRIQUEZ,DILCIA LORENA MAYÉN LEÓN,DIVERSIFICADO,OFICIAL,RURAL,ABIERTA,MONOLINGUE,VESPERTINA,DIARIO(REGULAR),IZABAL
18-02-0312-46,,18-017,IZABAL,LIVINGSTON,"COLEGIO CRISTIANO PRIVADO MIXTO DE EDUC. BASICA Y DIVERSIFICADA ""MONTE PENIEL""","ALDEA SEMOX , LIVINGSTON, IZABAL",48038616,LEYVIMARLOT ENRIQUEZ ESPINOSA,SANTOS INES CARIAS HERNÁNDEZ DE CHUB,DIVERSIFICADO,PRIVADO,RURAL,ABIERTA,MONOLINGUE,VESPERTINA,DIARIO(REGULAR),IZABAL
18-02-0316-46,,18-017,IZABAL,LIVINGSTON,"INSTITUTO PRIVADO MIXTO DE FORMACIÓN JUVENIL ""RÍO DULCE""",ALDEA FRONTERAS RIO DULCE,79305829,LEYVIMARLOT ENRIQUEZ ESPINOSA,MELVIN EDUARDO VENTURA QUINTANILLA,DIVERSIFICADO,PRIVADO,RURAL,ABIERTA,MONOLINGUE,VESPERTINA,DIARIO(REGULAR),IZABAL
18-02-0317-46,,18-017,IZABAL,LIVINGSTON,"INSTITUTO PRIVADO MIXTO DE FORMACIÓN JUVENIL ""RÍO DULCE""",ALDEA FRONTERAS RIO DULCE,79305829,LEYVIMARLOT ENRIQUEZ ESPINOSA,MELVIN EDUARDO VENTURA QUINTANILLA,DIVERSIFICADO,PRIVADO,RURAL,ABIERTA,MONOLINGUE,DOBLE,FIN DE SEMANA,IZABAL
18-02-0328-46,,18-041,IZABAL,LIVINGSTON,INSTITUTO NACIONAL DE EDUCACIÓN DIVERSIFICADA,ALDEA LÁMPARA,32755333,AVELINO TEC CHUN,ISAUL CHUB CHUB,DIVERSIFICADO,OFICIAL,RURAL,ABIERTA,MONOLINGUE,VESPERTINA,DIARIO(REGULAR),IZABAL
18-02-0330-46,,18-015,IZABAL,LIVINGSTON,INSTITUTO NACIONAL DE EDUCACION DIVERSIFICADA,ALDEA LOS PARACAIDISTAS,40402159,MARIA MAGDALENA PEREZ RAMOS DE LOPEZ,HEIDY PATRICIA AGUILAR JULIÁN,DIVERSIFICADO,OFICIAL,RURAL,ABIERTA,MONOLINGUE,VESPERTINA,DIARIO(REGULAR),IZABAL
18-02-0340-46,,18-017,IZABAL,LIVINGSTON,"COLEGIO PRIVADO MIXTO ""D GONZALEZ""",ALDEA LOS ANGELES,30640244,LEYVIMARLOT ENRIQUEZ ESPINOSA,ANGEL ANTONIO GONZÁLEZ RAMOS,DIVERSIFICADO,PRIVADO,RURAL,ABIERTA,MONOLINGUE,VESPERTINA,DIARIO(REGULAR),IZABAL
18-02-0347-46,,18-017,IZABAL,LIVINGSTON,"INSTITUTO PRIVADO MIXTO ""HERMANO PEDRO DE BETANCUR""",ALDEA LOS ANGELES,53886336-53886336,LEYVIMARLOT ENRIQUEZ ESPINOSA,MAGDALENA MARTINEZ MENDEZ,DIVERSIFICADO,PRIVADO,RURAL,ABIERTA,MONOLINGUE,MATUTINA,DIARIO(REGULAR),IZABAL
18-02-0350-46,,18-017,IZABAL,LIVINGSTON,"INSTITUTO PRIVADO MIXTO ""HERMANO PEDRO DE BETANCUR""","ALDEA LOS ANGELES, RIO DULCE",53886336,LEYVIMARLOT ENRIQUEZ ESPINOSA,MAGDALENA MARTINEZ MENDEZ,DIVERSIFICADO,PRIVADO,RURAL,ABIERTA,MONOLINGUE,DOBLE,FIN DE SEMANA,IZABAL
18-02-0351-46,,18-017,IZABAL,LIVINGSTON,COLEGIO PARTICULAR MIXTO MUNDO JUVENIL,ALDEA FRONTERAS RIO DULCE,79305318,LEYVIMARLOT ENRIQUEZ ESPINOSA,RAFAEL ELVIN RETANA CRUZ,DIVERSIFICADO,PRIVADO,RURAL,ABIERTA,MONOLINGUE,DOBLE,DIARIO(REGULAR),IZABAL
18-02-0362-46,,18-017,IZABAL,LIVINGSTON,CENTRO EDUCATIVO SAN PABLO FE Y ALEGRIA NO. 52,ALDEA TAMAGAS CREEK,30331507,LEYVIMARLOT ENRIQUEZ ESPINOSA,MERLYN USBALDO ZACARÍAS IPIÑA,DIVERSIFICADO,PRIVADO,RURAL,ABIERTA,MONOLINGUE,VESPERTINA,DIARIO(REGULAR),IZABAL
18-02-0366-46,,18-017,IZABAL,LIVINGSTON,INSTITUTO PRIVADO MIXTO SAN JOSE BUENA VISTA,"ALDEA SAN JOSE BUENA VISTA, RIO DULCE",45339061,LEYVIMARLOT ENRIQUEZ ESPINOSA,JOSÉ ARNOLDO MAGAÑA RIVERA,DIVERSIFICADO,PRIVADO,RURAL,ABIERTA,MONOLINGUE,VESPERTINA,DIARIO(REGULAR),IZABAL
18-02-0379-46,,18-017,IZABAL,LIVINGSTON,"COLEGIO PARTICULAR MIXTO BILINGÜE ""SAN FELIPE IZABAL""",ALDEA SAN FELIPE DE LARA,58259443,LEYVIMARLOT ENRIQUEZ ESPINOSA,MARÍA JOSE BARRIOS MORALES,DIVERSIFICADO,PRIVADO,RURAL,ABIERTA,BILINGUE,MATUTINA,DIARIO(REGULAR),IZABAL
18-02-0382-46,,18-017,IZABAL,LIVINGSTON,COLEGIO PARTICULAR MIXTO MUNDO JUVENIL,"BARRIO SAN MIGUEL, ALDEA FRONTERAS, RIO DULCE",79305318,LEYVIMARLOT ENRIQUEZ ESPINOSA,RAFAEL ELVIN RETANA,DIVERSIFICADO,PRIVADO,RURAL,ABIERTA,MONOLINGUE,NOCTURNA,DIARIO(REGULAR),IZABAL
18-02-0383-46,,18-017,IZABAL,LIVINGSTON,COLEGIO PARTICULAR MIXTO MUNDO JUVENIL,"BARRIO SAN MIGUEL, ALDEA FRONTERAS, RIO DULCE",79305318,LEYVIMARLOT ENRIQUEZ ESPINOSA,RAFAEL ELVIN RETANA,DIVERSIFICADO,PRIVADO,RURAL,ABIERTA,MONOLINGUE,NOCTURNA,DIARIO(REGULAR),IZABAL
18-02-0389-46,,18-017,IZABAL,LIVINGSTON,"INSTITUTO PRIVADO MIXTO ""HERMANO PEDRO DE BETANCUR""",ALDEA LOS ANGELES,5388633,LEYVIMARLOT ENRIQUEZ ESPINOSA,MAGDALENA MARTINEZ MENDEZ,DIVERSIFICADO,PRIVADO,RURAL,ABIERTA,MONOLINGUE,VESPERTINA,DIARIO(REGULAR),IZABAL
18-02-0390-46,,18-017,IZABAL,LIVINGSTON,"COLEGIO PARTICULAR MIXTO EVANGELICO ""NAZARENO""",ALDEA SAN ANTONIO SEJA,30689874,LEYVIMARLOT ENRIQUEZ ESPINOSA,MILDER DANIEL GARCÍA MANCILLA,DIVERSIFICADO,PRIVADO,RURAL,ABIERTA,MONOLINGUE,MATUTINA,DIARIO(REGULAR),IZABAL
18-02-0396-46,,18-017,IZABAL,LIVINGSTON,"INSTITUTO PRIVADO MIXTO ""SAN ANTONIO""",ALDEA SAN ANTONIO SEJA,45130445,LEYVIMARLOT ENRIQUEZ ESPINOSA,CARMEN ARACELY BOLVITO PERDOMO,DIVERSIFICADO,PRIVADO,RURAL,ABIERTA,MONOLINGUE,MATUTINA,DIARIO(REGULAR),IZABAL
18-02-0397-46,,18-017,IZABAL,LIVINGSTON,LICEO INFANTIL RIO DULCE,BARRIO EL TALLER ALDEA FRONTERAS RIO DULCE,53317983,LEYVIMARLOT ENRIQUEZ ESPINOSA,SONIA ADELMA LÓPEZ GUTIERREZ,DIVERSIFICADO,PRIVADO,RURAL,ABIERTA,MONOLINGUE,MATUTINA,DIARIO(REGULAR),IZABAL
18-02-0400-46,,18-011,IZABAL,LIVINGSTON,LICEO ADVENTISTA ELENA G. DE WHITE,BARRIO LA CAPITANIA,54700892,JUAN OSVALDO ESTERO MARTINEZ,MARTA ARLENNE ZETINA ZURITA,DIVERSIFICADO,PRIVADO,URBANA,ABIERTA,MONOLINGUE,MATUTINA,DIARIO(REGULAR),IZABAL
18-02-0404-46,,18-011,IZABAL,LIVINGSTON,"INSTITUTO DE EDUCACION BÁSICA Y DIVERSIFICADO DE BACHILLERATO EN CIENCIAS Y LETRAS POR MADUREZ ""INBACH""",BARRIO EL CENTRO,55550695,JUAN OSVALDO ESTERO MARTINEZ,RUDY ARCIDES RAMIREZ CAYETANO,DIVERSIFICADO,PRIVADO,URBANA,ABIERTA,MONOLINGUE,SIN JORNADA,SEMIPRESENCIAL (UN DÍA A LA SEMANA),IZABAL
18-02-0417-46,,18-017,IZABAL,LIVINGSTON,COLEGIO PARTICULAR MIXTO MUNDO JUVENIL,"BARRIO EL TALLER, ALDEA FRONTERAS RIO DULCE",31353400,LEYVIMARLOT ENRIQUEZ ESPINOSA,RAFAEL ELVIN RETANA CRUZ,DIVERSIFICADO,PRIVADO,RURAL,ABIERTA,MONOLINGUE,SIN JORNADA,SEMIPRESENCIAL (UN DÍA A LA SEMANA),IZABAL
18-02-0428-46,,18-017,IZABAL,LIVINGSTON,COLEGIO PARTICULAR MIXTO RIO DULCE,ALDEA FRONTERAS RIO DULCE,58840501,LEYVIMARLOT ENRIQUEZ ESPINOSA,RUBÉN DARÍO NOLASCO PÉREZ,DIVERSIFICADO,PRIVADO,RURAL,ABIERTA,MONOLINGUE,DOBLE,FIN DE SEMANA,IZABAL
18-02-2388-46,,18-017,IZABAL,LIVINGSTON,COLEGIO DE EDUCACION BASICA Y DIVERSIFICADA EN ESTUDIOS COMERCIALES CON ORIENTACION EN COMPUTACION Y TURISMO NUEVO AMANECER,ALDEA FRONTERAS RIO DULCE,50690696,LEYVIMARLOT ENRIQUEZ ESPINOSA,JUAN BASILIO HERNÁNDEZ ESCOBAR,DIVERSIFICADO,PRIVADO,RURAL,ABIERTA,MONOLINGUE,VESPERTINA,DIARIO(REGULAR),IZABAL
18-02-2916-46,,18-041,IZABAL,LIVINGSTON,INSTITUTO PARTICULAR MIXTO AK' TENAMIT PUEBLO NUEVO,ALDEA BARRA LÁMPARA,57124427,AVELINO TEC CHUN,WALTER AMILCAR XOL CONTRERAS,DIVERSIFICADO,PRIVADO,RURAL,ABIERTA,MONOLINGUE,DOBLE,DIARIO(REGULAR),IZABAL
18-02-3077-46,,18-017,IZABAL,LIVINGSTON,INSTITUTO PRIVADO DE EDUCACION BASICA Y DIVERSIFICADA BUENOS AIRES,ALDEA SAN ANTONIO SEJA,45899054,LEYVIMARLOT ENRIQUEZ ESPINOSA,WENDY ARACELY COLINDRES GUTIERREZ,DIVERSIFICADO,PRIVADO,RURAL,ABIERTA,MONOLINGUE,VESPERTINA,DIARIO(REGULAR),IZABAL
18-02-3213-46,,18-017,IZABAL,LIVINGSTON,COLEGIO DE EDUCACION BASICA Y DIVERSIFICADA EN ESTUDIOS COMERCIALES CON ORIENTACION EN COMPUTACION Y TURISMO NUEVO AMANECER,ALDEA FRONTERAS RIO DULCE,50690696,LEYVIMARLOT ENRIQUEZ ESPINOSA,JUAN BASILIO HERNÁNDEZ ESCOBAR,DIVERSIFICADO,PRIVADO,RURAL,ABIERTA,MONOLINGUE,DOBLE,FIN DE SEMANA,IZABAL
18-03-0106-46,,18-020,IZABAL,EL ESTOR,"CENTRO EDUCATIVO COMUNITARIO ""ANTONIO POP CAAL""",ALDEA CHICHIPATE,53495467,SILVERIO CHITOP CABRERA,AMALIA BAC CUCUL,DIVERSIFICADO,PRIVADO,RURAL,ABIERTA,MONOLINGUE,DOBLE,DIARIO(REGULAR),IZABAL
18-03-0119-46,,18-020,IZABAL,EL ESTOR,INSTITUTO NACIONAL DE EDUCACION DIVERSIFICADA,ALDEA CHICHIPATE,49087191,SILVERIO CHITOP CABRERA,VICTORIANO TEMU ORDOÑEZ,DIVERSIFICADO,OFICIAL,RURAL,ABIERTA,MONOLINGUE,VESPERTINA,DIARIO(REGULAR),IZABAL
18-03-0120-46,,18-020,IZABAL,EL ESTOR,INSTITUTO NACIONAL DE EDUCACION DIVERSIFICADA LICENCIADO JULIO ANTONIO DE LEON SOSA,5A. AVENIDA 3-79 ZONA 1,47830199,SILVERIO CHITOP CABRERA,URIAS GAMALIEL PINEDA MEJIA,DIVERSIFICADO,OFICIAL,RURAL,ABIERTA,MONOLINGUE,VESPERTINA,DIARIO(REGULAR),IZABAL
18-03-0234-46,,18-020,IZABAL,EL ESTOR,INSTITUTO PRIVADO MIXTO DE FORMACION MAGISTERIAL CON ORIENTACION BILINGÜE (Q EQCHI),CABECERA MUNICIPAL,49404362,SILVERIO CHITOP CABRERA,JOSE JOEL LORENZO FLORES,DIVERSIFICADO,PRIVADO,URBANA,ABIERTA,MONOLINGUE,DOBLE,FIN DE SEMANA,IZABAL
18-03-0252-46,,18-021,IZABAL,EL ESTOR,"INSTITUTO PARTICULAR MIXTO ""MADRE MIRIAM SIMON""","6A. AVENIDA Y 6A. CALLE, ZONA 1",79497223,JERSON ARTURO NAVAS ENAMORADO,WELFRED NEDELSO RUIZ CANO,DIVERSIFICADO,PRIVADO,URBANA,ABIERTA,MONOLINGUE,MATUTINA,DIARIO(REGULAR),IZABAL
18-03-0285-46,,18-046,IZABAL,EL ESTOR,INSTITUTO NACIONAL DE EDUCACION DIVERSIFICADA,ALDEA SEPUR ZARCO,32267405,GILMAR ISAIAS CUZ PEREZ,RAMIRO ALEXANDER CUCUL TIUL,DIVERSIFICADO,OFICIAL,RURAL,ABIERTA,MONOLINGUE,VESPERTINA,DIARIO(REGULAR),IZABAL
18-03-0291-46,,18-020,IZABAL,EL ESTOR,CENTRO EDUCATIVO PRIVADO TALITA KUMI,"14 AVE. A ENTRE 6A. Y 8A. CALLE, ZONA 1 BO.SAN JORGE",50560307,SILVERIO CHITOP CABRERA,LEONICIA ALEJANDRINA VILLALOBOS KNEYBER,DIVERSIFICADO,PRIVADO,URBANA,ABIERTA,MONOLINGUE,MATUTINA,DIARIO(REGULAR),IZABAL
18-03-0292-46,,18-020,IZABAL,EL ESTOR,CENTRO EDUCATIVO PRIVADO TALITA KUMI,"14 AVENIDA 6A. Y 8A. CALLE, BARRIO SAN JORGE",50560307,SILVERIO CHITOP CABRERA,LEONICIA ALEJANDRINA VILLALOBOS KNEYBER,DIVERSIFICADO,PRIVADO,URBANA,ABIERTA,MONOLINGUE,VESPERTINA,DIARIO(REGULAR),IZABAL
18-03-0295-46,,18-020,IZABAL,EL ESTOR,COLEGIO PRIVADO MIXTO DE EDUC. BASICA Y BACH. POR MADUREZ PAULO FREIRE,"4TA. AV. 5TA. CALLE, BARRIO EL CENTRO",48989011,SILVERIO CHITOP CABRERA,RAQUEL MAZARIEGOS GARCIA,DIVERSIFICADO,PRIVADO,URBANA,ABIERTA,MONOLINGUE,SIN JORNADA,SEMIPRESENCIAL (FIN DE SEMANA),IZABAL
18-03-0330-46,,18-019,IZABAL,EL ESTOR,CENTRO EDUCATIVO SAN ANTONIO MARÍA CLARET FE Y ALEGRÍA NO. 57,ALDEA SEMUY LOTE 14,49710619,RAQUEL MAZARIEGOS GARCIA,VICTOR ROLANDO XOL CAAL,DIVERSIFICADO,PRIVADO,RURAL,ABIERTA,BILINGUE,MATUTINA,DIARIO(REGULAR),IZABAL
18-03-2454-46,,18-020,IZABAL,EL ESTOR,INSTITUTO PRIVADO MIXTO DE FORMACION MAGISTERIAL CON ORIENTACION BILINGUE (Q EQCHI),CABECERA MUNICIPAL,51745681,SILVERIO CHITOP CABRERA,JOSE JOEL LORENZO FLORES,DIVERSIFICADO,PRIVADO,URBANA,ABIERTA,MONOLINGUE,VESPERTINA,DIARIO(REGULAR),IZABAL
18-03-2455-46,,18-020,IZABAL,EL ESTOR,COLEGIO PRIVADO MIXTO DE EDUC. BASICA Y BACH. POR MADUREZ PAULO FREIRE,1A. AVENIDAY 5A. CALLE ZONA 1,48989011,SILVERIO CHITOP CABRERA,RAQUEL MAZARIEGOS GARCIA,DIVERSIFICADO,PRIVADO,URBANA,ABIERTA,MONOLINGUE,DOBLE,FIN DE SEMANA,IZABAL
18-03-2749-46,,18-021,IZABAL,EL ESTOR,ESCUELA NORMAL BILINGÜE INTERCULTURAL TZOLEB AAL TIJONEL Q EQCHI OXIB KEJ,BARRIO SAN JORGE,79497500-78209540,JERSON ARTURO NAVAS ENAMORADO,GUSTAVO TZIBOY CHOC,DIVERSIFICADO,OFICIAL,URBANA,ABIERTA,BILINGUE,DOBLE,DIARIO(REGULAR),IZABAL
18-03-3165-46,,18-021,IZABAL,EL ESTOR,LICEO VOCACIONAL COACTEMALAN,"4A. AVENIDA 05-020, ZONA 1",79497406,JERSON ARTURO NAVAS ENAMORADO,LILIA IXCHEL CHITOP TZUNUN,DIVERSIFICADO,PRIVADO,URBANA,ABIERTA,MONOLINGUE,VESPERTINA,DIARIO(REGULAR),IZABAL
18-04-0016-46,,18-039,IZABAL,MORALES,"COLEGIO PARTICULAR MIXTO ""MINERVA""",ALDEA PLAYITAS,31089418-53230377,ELSA YADIRA MARTINEZ PEREZ,KELVIN RODRIGO HERNANDEZ MARTINEZ,DIVERSIFICADO,PRIVADO,RURAL,ABIERTA,MONOLINGUE,VESPERTINA,DIARIO(REGULAR),IZABAL
18-04-0076-46,,18-039,IZABAL,MORALES,"LICEO FORMACION BASICA Y PROFESIONAL ""LATINOAMERICANO""",BARRIO LAS FLORES,50529699,ELSA YADIRA MARTINEZ PEREZ,KARLA JOHANNA SANABRIA CASTAÑEDA,DIVERSIFICADO,PRIVADO,URBANA,ABIERTA,MONOLINGUE,DOBLE,FIN DE SEMANA,IZABAL
18-04-0077-46,,18-039,IZABAL,MORALES,"LICEO DE FORMACION BASICA Y PROFESIONAL ""LATINOAMERICANO""",BARRIO LAS FLORES,50529699,ELSA YADIRA MARTINEZ PEREZ,KARLA JOHANNA SANABRIA CASTAÑEDA,DIVERSIFICADO,PRIVADO,URBANA,ABIERTA,MONOLINGUE,DOBLE,FIN DE SEMANA,IZABAL
18-04-0081-46,,18-039,IZABAL,MORALES,"CENTRO EDUCATIVO PRIVADO ""YATZAR NURIM""",BARRIO EL REMOLINO,79479521,ELSA YADIRA MARTINEZ PEREZ,OSMAR GIOVANY ORTEGA CASTRO,DIVERSIFICADO,PRIVADO,URBANA,ABIERTA,MONOLINGUE,VESPERTINA,DIARIO(REGULAR),IZABAL
18-04-0083-46,,18-039,IZABAL,MORALES,"CENTRO EDUCATIVO PRIVADO ""YATZAR NURIM""",BARRIO EL REMOLINO,79479521,ELSA YADIRA MARTINEZ PEREZ,OSMAR GIOVANY ORTEGA CASTRO,DIVERSIFICADO,PRIVADO,URBANA,ABIERTA,MONOLINGUE,DOBLE,FIN DE SEMANA,IZABAL
18-04-0086-46,,18-030,IZABAL,MORALES,INSTITUTO NACIONAL DE EDUCACION DIVERSIFICADA LICDA. IRMA CONSUELO ALVARADO MOSCOSO DE LOPEZ,ALDEA GUAYTAN,41921095,ZOILA ELIZABETH PINEDA,MYRA LORENA PITTERS OLIVA,DIVERSIFICADO,OFICIAL,RURAL,ABIERTA,MONOLINGUE,VESPERTINA,DIARIO(REGULAR),IZABAL
18-04-0087-46,,18-030,IZABAL,MORALES,INSTITUTO NACIONAL DE EDUCACION DIVERSIFICADA,AVENIDA VICENTE COZZA,50302183,ZOILA ELIZABETH PINEDA,YAN CARLOS PÉREZ CRISOSTOMO,DIVERSIFICADO,OFICIAL,URBANA,ABIERTA,MONOLINGUE,VESPERTINA,DIARIO(REGULAR),IZABAL
18-04-0100-46,,18-030,IZABAL,MORALES,INSTITUTO NACIONAL DE EDUCACION DIVERSIFICADA,ALDEA RIO NEGRO,46976811,ZOILA ELIZABETH PINEDA,JUAN JOSÉ CARDONA RECINOS,DIVERSIFICADO,OFICIAL,RURAL,ABIERTA,MONOLINGUE,VESPERTINA,DIARIO(REGULAR),IZABAL
18-04-0108-46,,18-039,IZABAL,MORALES,"INSTITUTO PRIVADO MIXTO ""EL MAESTRO AMIGO""",ALDEA RIO NEGRO,40465929,ELSA YADIRA MARTINEZ PEREZ,DARWIN ENRIQUE ALVAREZ MORÁN,DIVERSIFICADO,PRIVADO,RURAL,ABIERTA,MONOLINGUE,VESPERTINA,DIARIO(REGULAR),IZABAL
18-04-0118-46,,18-030,IZABAL,MORALES,INSTITUTO NACIONAL DE EDUCACION DIVERSIFICADA,ALDEA PLAYITAS,30976728,ZOILA ELIZABETH PINEDA,SERGIO WENCESLAO GALEANO MONROY,DIVERSIFICADO,OFICIAL,RURAL,ABIERTA,MONOLINGUE,VESPERTINA,DIARIO(REGULAR),IZABAL
18-04-0130-46,,18-039,IZABAL,MORALES,"LICEO CRISTIANO BILINGUE ""MANANTIAL DE VIDA""",BARRIO BANANERA,79479322,ELSA YADIRA MARTINEZ PEREZ,ESVIN LEONEL MORALES RAMIREZ,DIVERSIFICADO,PRIVADO,URBANA,ABIERTA,MONOLINGUE,DOBLE,DIARIO(REGULAR),IZABAL
18-04-0131-46,,18-039,IZABAL,MORALES,"CENTRO EDUCATIVO ""EMANUEL""","INTERIOR INEB FRANCISCO MARROQUÍN, AVENIDA VICENTE COZZA",59965744,ELSA YADIRA MARTINEZ PEREZ,FLOR DE MARÍA TZÚN MOLINA,DIVERSIFICADO,PRIVADO,URBANA,ABIERTA,MONOLINGUE,DOBLE,FIN DE SEMANA,IZABAL
18-04-0137-46,,18-039,IZABAL,MORALES,"CENTRO EDUCATIVO ""MAYA SYSTEMS""",ALDEA LOS ANDES,53626154,ELSA YADIRA MARTINEZ PEREZ,MAJIB JHESSIELL LANDAVERRY VÁSQUEZ,DIVERSIFICADO,PRIVADO,RURAL,ABIERTA,MONOLINGUE,VESPERTINA,DIARIO(REGULAR),IZABAL
18-04-0138-46,,18-039,IZABAL,MORALES,CENTRO EDUCATIVO MAYA SYSTEMS,ALDEA LOS ANDES,53626154,ELSA YADIRA MARTINEZ PEREZ,MAJIB JHESSIELL LANDAVERRY VÁSQUEZ,DIVERSIFICADO,PRIVADO,RURAL,ABIERTA,MONOLINGUE,DOBLE,FIN DE SEMANA,IZABAL
18-04-0142-46,,18-039,IZABAL,MORALES,LICEO TECNICO HERMANO PEDRO,BARRIO MILLA 37,40960621,ELSA YADIRA MARTINEZ PEREZ,ABEL MADRID LEIVA,DIVERSIFICADO,PRIVADO,URBANA,ABIERTA,MONOLINGUE,DOBLE,FIN DE SEMANA,IZABAL
18-04-0149-46,,18-039,IZABAL,MORALES,INSTITUTO PRIVADO MIXTO ELITE,BARRIO EL MITCHAL,56968070,ELSA YADIRA MARTINEZ PEREZ,AMED BENJAMIN ROSSILL BARRIENTOS,DIVERSIFICADO,PRIVADO,URBANA,ABIERTA,MONOLINGUE,DOBLE,FIN DE SEMANA,IZABAL
18-04-0170-46,,18-039,IZABAL,MORALES,COLEGIO PARTICULAR MIXTO MINERVA,ALDEA PLAYITAS,31089418,ELSA YADIRA MARTINEZ PEREZ,KATHERINE YANINA GALEANO ARCHILA,DIVERSIFICADO,PRIVADO,RURAL,ABIERTA,MONOLINGUE,DOBLE,DIARIO(REGULAR),IZABAL
18-04-0174-46,,18-039,IZABAL,MORALES,LICEO ALVAREZ OVALLE,BARRIO LOS CASTRO,42601313,ELSA YADIRA MARTINEZ PEREZ,CLAUDIA LORENA QUINTEROS ARREAGA,DIVERSIFICADO,PRIVADO,URBANA,ABIERTA,MONOLINGUE,DOBLE,FIN DE SEMANA,IZABAL
18-04-0176-46,,18-039,IZABAL,MORALES,LICEO ALVAREZ OVALLE,BARRIO LOS CASTRO,42601313-79476691,ELSA YADIRA MARTINEZ PEREZ,CLAUDIA LORENA QUINTEROS ARREAGA,DIVERSIFICADO,PRIVADO,URBANA,ABIERTA,MONOLINGUE,VESPERTINA,DIARIO(REGULAR),IZABAL
18-04-0185-46,,18-030,IZABAL,MORALES,INSTITUTO NACIONAL DE EDUCACION DIVERSIFICADA -INED-,ALDEA RIO BLANCO,51688309,ZOILA ELIZABETH PINEDA,LUIS ALBERTO DE PAZ VENTURA,DIVERSIFICADO,OFICIAL,RURAL,ABIERTA,MONOLINGUE,MATUTINA,DIARIO(REGULAR),IZABAL
18-04-0194-46,,18-039,IZABAL,MORALES,LICEO IZABAL,BARRIO EL CARRIZAL,79478332,ELSA YADIRA MARTINEZ PEREZ,MARIA EUGENIA MOLINA ALDANA,DIVERSIFICADO,PRIVADO,URBANA,ABIERTA,MONOLINGUE,NOCTURNA,DIARIO(REGULAR),IZABAL
18-04-0196-46,,18-030,IZABAL,MORALES,"INED TECNICO MORALENSE, ITM",COLONIA SANTA BARBARA,58725063,ZOILA ELIZABETH PINEDA,ESDRAS SALGUERO ZALDIVAR,DIVERSIFICADO,OFICIAL,URBANA,ABIERTA,MONOLINGUE,DOBLE,DIARIO(REGULAR),IZABAL
18-04-0199-46,,18-030,IZABAL,MORALES,INSTITUTO NACIONAL DE EDUCACION DIVERSIFICADA -INED-,BARRIO LAS FLORES,79480009,ZOILA ELIZABETH PINEDA,---,DIVERSIFICADO,OFICIAL,URBANA,ABIERTA,MONOLINGUE,VESPERTINA,DIARIO(REGULAR),IZABAL
18-04-0204-46,,18-039,IZABAL,MORALES,"INSTITUTO PRIVADO MIXTO ""JOSÉ CECILIO DEL VALLE""",ALDEA PLAYITAS,31826809,ELSA YADIRA MARTINEZ PEREZ,VÍCTOR MANUEL BONILLA MARROQUIN,DIVERSIFICADO,PRIVADO,RURAL,ABIERTA,MONOLINGUE,DOBLE,FIN DE SEMANA,IZABAL
18-04-0205-46,,18-039,IZABAL,MORALES,"INSTITUTO PRIVADO MIXTO ""JOSÉ CECILIO DEL VALLE""",ALDEA PLAYITAS,31826809,ELSA YADIRA MARTINEZ PEREZ,VÍCTOR MANUEL BONILLA MARROQUIN,DIVERSIFICADO,PRIVADO,RURAL,ABIERTA,MONOLINGUE,DOBLE,FIN DE SEMANA,IZABAL
18-04-0209-46,,18-039,IZABAL,MORALES,"COLEGIO PRIVADO MIXTO ""BETHEZDA""",ALDEA CAYUGA,57006014,ELSA YADIRA MARTINEZ PEREZ,SHARON GINELIE RUIZ PINEDA,DIVERSIFICADO,PRIVADO,RURAL,ABIERTA,MONOLINGUE,DOBLE,FIN DE SEMANA,IZABAL
18-04-0212-46,,18-039,IZABAL,MORALES,"LICEO EDUCACIONAL PRIVADO MIXTO INTERACTIVO ""LEMI""",ALDEA TENEDORES,49572679,ELSA YADIRA MARTINEZ PEREZ,CLAUDIA MARÍA AGUIRRE,DIVERSIFICADO,PRIVADO,RURAL,ABIERTA,MONOLINGUE,VESPERTINA,DIARIO(REGULAR),IZABAL
18-04-0213-46,,18-039,IZABAL,MORALES,"CENTRO EDUCATIVO PRIVADO ""YATZAR NURIM""",BARRIO EL REMOLINO,79479521,ELSA YADIRA MARTINEZ PEREZ,OSMAR GIOVANY ORTEGA CASTRO,DIVERSIFICADO,PRIVADO,URBANA,ABIERTA,MONOLINGUE,DOBLE,DIARIO(REGULAR),IZABAL
18-04-0218-46,,18-039,IZABAL,MORALES,LICEO IZABAL,BARRIO EL CARRIZAL,79478332,ELSA YADIRA MARTINEZ PEREZ,MARIA EUGENIA MOLINA ALDANA,DIVERSIFICADO,PRIVADO,URBANA,ABIERTA,MONOLINGUE,DOBLE,FIN DE SEMANA,IZABAL
18-04-0223-46,,18-039,IZABAL,MORALES,"LICEO TECNICO VOCACIONAL ""HARVARD DE GUATEMALA""",ALDEA ONEIDA,79487410,ELSA YADIRA MARTINEZ PEREZ,ROBIN ELIUD HERNÁNDEZ RAMIREZ,DIVERSIFICADO,PRIVADO,RURAL,ABIERTA,MONOLINGUE,DOBLE,FIN DE SEMANA,IZABAL
18-04-0224-46,,18-030,IZABAL,MORALES,INSTITUTO NACIONAL DE EDUCACION DIVERSIFICADA,ALDEA SAN FRANCISCO MILLA 45,45256003,ZOILA ELIZABETH PINEDA,ELDER ONYLL GONZÁLEZ LÓPEZ,DIVERSIFICADO,OFICIAL,RURAL,ABIERTA,MONOLINGUE,VESPERTINA,DIARIO(REGULAR),IZABAL
18-04-0228-46,,18-039,IZABAL,MORALES,"LICEO ""ALVAREZ OVALLE""",BARRIOS LOS CASTRO,42601313-79476691,ELSA YADIRA MARTINEZ PEREZ,CLAUDIA LORENA QUINTEROS ARREAGA,DIVERSIFICADO,PRIVADO,URBANA,ABIERTA,MONOLINGUE,DOBLE,FIN DE SEMANA,IZABAL
18-04-0231-46,,18-039,IZABAL,MORALES,"COLEGIO PRIVADO MIXTO ""SAN JOSE""",COLONIA VILLAS DEL ROSARIO,59683248,ELSA YADIRA MARTINEZ PEREZ,AMED BENJAMIN ROSSILL BARRIENTOS,DIVERSIFICADO,PRIVADO,URBANA,ABIERTA,MONOLINGUE,MATUTINA,DIARIO(REGULAR),IZABAL
18-04-0234-46,,18-039,IZABAL,MORALES,"COLEGIO PRIVADO MIXTO ""BETHEZDA""",ALDEA CAYUGA,57006014,ELSA YADIRA MARTINEZ PEREZ,SHARON GINELIE RUIZ PINEDA,DIVERSIFICADO,PRIVADO,RURAL,ABIERTA,MONOLINGUE,VESPERTINA,DIARIO(REGULAR),IZABAL
18-04-0241-46,,18-039,IZABAL,MORALES,INSTITUTO PRIVADO MIXTO DR. JUAN JOSE AREVALO BERMEJO,ALDEA LAS JARAS,79478238,ELSA YADIRA MARTINEZ PEREZ,JOSE GUILLERMO MORALES MOSCOSO,DIVERSIFICADO,PRIVADO,RURAL,ABIERTA,MONOLINGUE,DOBLE,FIN DE SEMANA,IZABAL
18-04-0246-46,,18-039,IZABAL,MORALES,"""LICEO EDUCACIONAL MIXTO DEI VERBUM""",ALDEA SAN ISIDRO EL CHOCO,53660792-55969273,ELSA YADIRA MARTINEZ PEREZ,KARLA MARISOL PIVARAL PÉREZ,DIVERSIFICADO,PRIVADO,RURAL,ABIERTA,MONOLINGUE,DOBLE,FIN DE SEMANA,IZABAL
18-04-0373-46,,18-030,IZABAL,MORALES,ESCUELA DE CIENCIAS COMERCIALES FRANCISCO MARROQUIN,AVENIDA VICENTE COZZA,42122556,ZOILA ELIZABETH PINEDA,OLGA LILIAN MADRID LEIVA,DIVERSIFICADO,OFICIAL,URBANA,ABIERTA,MONOLINGUE,VESPERTINA,DIARIO(REGULAR),IZABAL
18-04-0376-46,,18-039,IZABAL,MORALES,INSTITUTO PRIVADO MIXTO DR. JUAN JOSE AREVALO BERMEJO,MORALES,79478238,ELSA YADIRA MARTINEZ PEREZ,DORA AMELIA MOSCOSO Y MOSCOSO,DIVERSIFICADO,PRIVADO,URBANA,ABIERTA,MONOLINGUE,VESPERTINA,DIARIO(REGULAR),IZABAL
18-04-0377-46,,18-039,IZABAL,MORALES,"INSTITUTO PARTICULAR MIXTO DE EDUCACION BÁSICA Y DIVERSIFICADA ""DR. PEDRO MOLINA""",BARRIO EL CARRIZAL,79477890,ELSA YADIRA MARTINEZ PEREZ,MARÍA MAGDALENA MORALES CARRILLO,DIVERSIFICADO,PRIVADO,URBANA,ABIERTA,MONOLINGUE,VESPERTINA,DIARIO(REGULAR),IZABAL
18-04-0380-46,,18-039,IZABAL,MORALES,"""LICEO EDUCACIONAL MIXTO DEI VERBUM""",ALDEA SAN ISIDRO EL CHOCO,53660792-55969273,ELSA YADIRA MARTINEZ PEREZ,KARLA MARISOL PIVARAL PÉREZ,DIVERSIFICADO,PRIVADO,RURAL,ABIERTA,MONOLINGUE,DOBLE,FIN DE SEMANA,IZABAL
18-04-0382-46,,18-039,IZABAL,MORALES,"COLEGIO PRIVADO MIXTO VOCACIONAL ""MONTEMARIA""",ALDEA EL ROSARIO,55503911,ELSA YADIRA MARTINEZ PEREZ,MANUEL SALVADOR PINTO CABRERA,DIVERSIFICADO,PRIVADO,RURAL,ABIERTA,MONOLINGUE,DOBLE,FIN DE SEMANA,IZABAL
18-04-0383-46,,18-039,IZABAL,MORALES,"COLEGIO PRIVADO MIXTO VOCACIONAL ""MONTEMARIA""",ALDEA EL ROSARIO,55503911,ELSA YADIRA MARTINEZ PEREZ,MANUEL SALVADOR PINTO CABRERA,DIVERSIFICADO,PRIVADO,RURAL,ABIERTA,MONOLINGUE,DOBLE,FIN DE SEMANA,IZABAL
18-04-0384-46,,18-039,IZABAL,MORALES,"COLEGIO PRIVADO MIXTO VOCACIONAL ""MONTEMARIA""",ALDEA EL ROSARIO,55503911,ELSA YADIRA MARTINEZ PEREZ,MANUEL SALVADOR PINTO CABRERA,DIVERSIFICADO,PRIVADO,RURAL,ABIERTA,MONOLINGUE,VESPERTINA,DIARIO(REGULAR),IZABAL
18-04-0389-46,,18-039,IZABAL,MORALES,INSTITUTO PRIVADO MIXTO EL MAESTRO AMIGO,ALDEA RIO NEGRO,40268253,ELSA YADIRA MARTINEZ PEREZ,DARWIN ENRIQUE ALVAREZ MORÁN,DIVERSIFICADO,PRIVADO,RURAL,ABIERTA,MONOLINGUE,DOBLE,FIN DE SEMANA,IZABAL
18-04-0395-46,,18-039,IZABAL,MORALES,INSTITUTO EVANGELICO PARTICULAR MIXTO BAUTISTA,BARRIO EL CARRIZAL,79477790,ELSA YADIRA MARTINEZ PEREZ,DAVID RAFAEL CASTILLO DE PAZ,DIVERSIFICADO,PRIVADO,URBANA,ABIERTA,MONOLINGUE,VESPERTINA,DIARIO(REGULAR),IZABAL
18-04-0397-46,,18-030,IZABAL,MORALES,INED,ALDEA JUYAMA,40118887,ZOILA ELIZABETH PINEDA,ADOLFO BENEDICTO GARCÍA OVANDO,DIVERSIFICADO,OFICIAL,RURAL,ABIERTA,MONOLINGUE,NOCTURNA,DIARIO(REGULAR),IZABAL
18-04-0400-46,,18-039,IZABAL,MORALES,"COLEGIO PRIVADO MIXTO ""JIREH""","COLONIA VILLA DEL ROSARIO, BANANERA",51529070,ELSA YADIRA MARTINEZ PEREZ,EDGAR ROLANDO MORALES DE PAZ,DIVERSIFICADO,PRIVADO,URBANA,ABIERTA,MONOLINGUE,MATUTINA,DIARIO(REGULAR),IZABAL
18-04-0404-46,,18-030,IZABAL,MORALES,INSTITUTO NACIONAL DE EDUCACION DIVERSIFICADA,CALLE TULIO MARUZZO,79478590,ZOILA ELIZABETH PINEDA,GLENDA MARIBEL VÁSQUEZ ENAMORADO,DIVERSIFICADO,OFICIAL,URBANA,ABIERTA,MONOLINGUE,NOCTURNA,DIARIO(REGULAR),IZABAL
18-04-0405-46,,18-039,IZABAL,MORALES,"COLEGIO PRIVADO MIXTO ""JIREH""","COLONIA VILLA DEL ROSARIO, BANANERA",40984392,ELSA YADIRA MARTINEZ PEREZ,EDGAR ROLANDO MORALES DE PAZ,DIVERSIFICADO,PRIVADO,URBANA,ABIERTA,MONOLINGUE,DOBLE,FIN DE SEMANA,IZABAL
18-04-0406-46,,18-039,IZABAL,MORALES,"COLEGIO PRIVADO MIXTO ""JIREH""","COLONIA VILLA DEL ROSARIO, BANANERA",40984392,ELSA YADIRA MARTINEZ PEREZ,EDGAR ROLANDO MORALES DE PAZ,DIVERSIFICADO,PRIVADO,URBANA,ABIERTA,MONOLINGUE,DOBLE,FIN DE SEMANA,IZABAL
18-04-0411-46,,18-039,IZABAL,MORALES,"INSTITUTO PRIVADO MIXTO ""FUENTE DE VIDA""",ALDEA PLAYITAS,55969273,ELSA YADIRA MARTINEZ PEREZ,KARLA MARISOL PIVARAL PÉREZ,DIVERSIFICADO,PRIVADO,RURAL,ABIERTA,MONOLINGUE,DOBLE,FIN DE SEMANA,IZABAL
18-04-0412-46,,18-039,IZABAL,MORALES,"INSTITUTO PRIVADO MIXTO ""FUENTE DE VIDA""",ALDEA PLAYITAS,55969273,ELSA YADIRA MARTINEZ PEREZ,KARLA MARISOL PIVARAL PÉREZ,DIVERSIFICADO,PRIVADO,RURAL,ABIERTA,MONOLINGUE,DOBLE,FIN DE SEMANA,IZABAL
18-04-0418-46,,18-039,IZABAL,MORALES,CENTRO EDUCATIVO MAYA SYSTEMS,ALDEA LOS ANDES,53626154,ELSA YADIRA MARTINEZ PEREZ,MAJIB JHESSIEL YAZDIE WADY JOZ LANDAVERRY VASQUEZ,DIVERSIFICADO,PRIVADO,RURAL,ABIERTA,MONOLINGUE,DOBLE,FIN DE SEMANA,IZABAL
18-04-0422-46,,18-039,IZABAL,MORALES,"INSTITUTO PRIVADO MIXTO ""CRISTO REY""",ALDEA EL CEDRO,30727557,ELSA YADIRA MARTINEZ PEREZ,NANCY CAROLA GÁMEZ ORTÍZ,DIVERSIFICADO,PRIVADO,RURAL,ABIERTA,MONOLINGUE,DOBLE,FIN DE SEMANA,IZABAL
18-04-0423-46,,18-039,IZABAL,MORALES,"INSTITUTO PRIVADO MIXTO ""CRISTO REY""",ALDEA EL CEDRO,30727557,ELSA YADIRA MARTINEZ PEREZ,NANCY CAROLA GÁMEZ ORTÍZ,DIVERSIFICADO,PRIVADO,RURAL,ABIERTA,MONOLINGUE,DOBLE,FIN DE SEMANA,IZABAL
18-04-0429-46,,18-039,IZABAL,MORALES,"INSTITUTO PARTICULAR MIXTO ""GÉNESIS""",BARRIO EL MITCHAL,49165611,ELSA YADIRA MARTINEZ PEREZ,NUBAR ENID MOLINEROS ORTEGA,DIVERSIFICADO,PRIVADO,URBANA,ABIERTA,MONOLINGUE,DOBLE,FIN DE SEMANA,IZABAL
18-04-0431-46,,18-039,IZABAL,MORALES,"INSTITUTO PARTICULAR MIXTO ""GÉNESIS""",BARRIO EL MITCHAL,49165611,ELSA YADIRA MARTINEZ PEREZ,NUBAR ENID MOLINEROS ORTEGA,DIVERSIFICADO,PRIVADO,URBANA,ABIERTA,MONOLINGUE,DOBLE,FIN DE SEMANA,IZABAL
18-04-0435-46,,18-039,IZABAL,MORALES,INSTITUTO PRIVADO MIXTO SAN JOSE,ALDEA RIO NEGRO,53591094,ELSA YADIRA MARTINEZ PEREZ,MARVIN OTTONIEL CARDONA RECINOS,DIVERSIFICADO,PRIVADO,RURAL,ABIERTA,MONOLINGUE,DOBLE,FIN DE SEMANA,IZABAL
18-04-0441-46,,18-039,IZABAL,MORALES,"INSTITUTO PRIVADO MIXTO ""DEJANDO HUELLA""",ALDEA LOS CERRITOS,47401633,ELSA YADIRA MARTINEZ PEREZ,ADONIA MARISOL LÓPEZ GUERRA,DIVERSIFICADO,PRIVADO,RURAL,ABIERTA,MONOLINGUE,DOBLE,FIN DE SEMANA,IZABAL
18-04-0442-46,,18-039,IZABAL,MORALES,"INSTITUTO PRIVADO MIXTO ""DEJANDO HUELLA""",ALDEA LOS CERRITOS,47401633,ELSA YADIRA MARTINEZ PEREZ,ADONIA MARISOL LÓPEZ GUERRA,DIVERSIFICADO,PRIVADO,RURAL,ABIERTA,MONOLINGUE,DOBLE,FIN DE SEMANA,IZABAL
18-04-0446-46,,18-039,IZABAL,MORALES,"INSTITUTO PRIVADO MIXTO ""JOSE CECILIO DEL VALLE""",ALDEA PLAYITAS,31826809,ELSA YADIRA MARTINEZ PEREZ,VÍCTOR MANUEL BONILLA MARROQUIN,DIVERSIFICADO,PRIVADO,RURAL,ABIERTA,MONOLINGUE,VESPERTINA,DIARIO(REGULAR),IZABAL
18-04-0447-46,,18-039,IZABAL,MORALES,"INSTITUTO PRIVADO MIXTO ""JOSE CECILIO DEL VALLE""",ALDEA PLAYITAS,31826809,ELSA YADIRA MARTINEZ PEREZ,VÍCTOR MANUEL BONILLA MARROQUIN,DIVERSIFICADO,PRIVADO,RURAL,ABIERTA,MONOLINGUE,DOBLE,FIN DE SEMANA,IZABAL
18-04-0448-46,,18-039,IZABAL,MORALES,INSTITUTO PARTICULAR MIXTO DE EDUCACION BÁSICA Y DIVERSIFICADA DR. PEDRO MOLINA,BARRIO EL CARRIZAL,79477890,ELSA YADIRA MARTINEZ PEREZ,MAYNOR ANIBAL CASTRO PAIZ,DIVERSIFICADO,PRIVADO,URBANA,ABIERTA,MONOLINGUE,DOBLE,FIN DE SEMANA,IZABAL
18-04-0449-46,,18-039,IZABAL,MORALES,INSTITUTO PARTICULAR MIXTO DE EDUCACION BASICA Y DIVERSIFICADA DR. PEDRO MOLINA,BARRIO EL CARRIZAL,79477890,ELSA YADIRA MARTINEZ PEREZ,MARÍA MAGDALENA MORALES CARRILLO,DIVERSIFICADO,PRIVADO,URBANA,ABIERTA,MONOLINGUE,DOBLE,FIN DE SEMANA,IZABAL
18-04-0454-46,,18-039,IZABAL,MORALES,"COLEGIO PRIVADO BILINGÜE ""FUENTE DE VIDA""",ALDEA PLAYITAS,54118885,ELSA YADIRA MARTINEZ PEREZ,SUCELY AMABETH PIVARAL PÉREZ,DIVERSIFICADO,PRIVADO,RURAL,ABIERTA,MONOLINGUE,VESPERTINA,DIARIO(REGULAR),IZABAL
18-04-0459-46,,18-039,IZABAL,MORALES,CENTRO DE FORMACION PEDAGOGICA HERMANO PEDRO,BARRIO EL MITCHAL,40960621,ELSA YADIRA MARTINEZ PEREZ,ABEL MADRID LEIVA,DIVERSIFICADO,PRIVADO,URBANA,ABIERTA,MONOLINGUE,DOBLE,FIN DE SEMANA,IZABAL
18-04-0462-46,,18-039,IZABAL,MORALES,INSTITUTO PRIVADO MIXTO DR. JUAN JOSE AREVALO BERMEJO,BARRIO LA ESTACION,79478238,ELSA YADIRA MARTINEZ PEREZ,DORA AMELIA MOSCOSO Y MOSCOSO,DIVERSIFICADO,PRIVADO,URBANA,ABIERTA,MONOLINGUE,DOBLE,FIN DE SEMANA,IZABAL
18-04-0463-46,,18-039,IZABAL,MORALES,INSTITUTO PRIVADO MIXTO DR. JUAN JOSE AREVALO BERMEJO,BARRIO LA ESTACION,79478238,ELSA YADIRA MARTINEZ PEREZ,DORA AMELIA MOSCOSO Y MOSCOSO,DIVERSIFICADO,PRIVADO,URBANA,ABIERTA,MONOLINGUE,DOBLE,FIN DE SEMANA,IZABAL
18-04-0464-46,,18-030,IZABAL,MORALES,INED,CALLE TULIO MARUZZO,54309026,ZOILA ELIZABETH PINEDA,GLENDA MARIBEL VÁSQUEZ ENAMORADO,DIVERSIFICADO,OFICIAL,URBANA,ABIERTA,MONOLINGUE,NOCTURNA,DIARIO(REGULAR),IZABAL
18-04-0469-46,,18-039,IZABAL,MORALES,CENTRO DE FORMACION PEDAGOGICA HERMANO PEDRO,BARRIO EL MITCHAL,40960621,ELSA YADIRA MARTINEZ PEREZ,ABEL MADRID LEIVA,DIVERSIFICADO,PRIVADO,URBANA,ABIERTA,MONOLINGUE,VESPERTINA,DIARIO(REGULAR),IZABAL
18-04-0471-46,,18-039,IZABAL,MORALES,INSTITUTO PRIVADO MIXTO SAN JOSE,ALDEA RIO NEGRO,53591094,ELSA YADIRA MARTINEZ PEREZ,MARVIN OTTONIEL CARDONA RECINOS,DIVERSIFICADO,PRIVADO,RURAL,ABIERTA,MONOLINGUE,SIN JORNADA,SEMIPRESENCIAL (FIN DE SEMANA),IZABAL
18-04-0473-46,,18-039,IZABAL,MORALES,CENTRO DE FORMACION PEDAGOGICA HERMANO PEDRO,BARRIO EL MITCHAL,40960621,ELSA YADIRA MARTINEZ PEREZ,ABEL MADRID LEIVA,DIVERSIFICADO,PRIVADO,URBANA,ABIERTA,MONOLINGUE,SIN JORNADA,SEMIPRESENCIAL (FIN DE SEMANA),IZABAL
18-04-0475-46,,18-039,IZABAL,MORALES,"CENTRO EDUCATIVO ""EMANUEL""",AVENIDA VICENTE COZZA,57385143,ELSA YADIRA MARTINEZ PEREZ,FLOR DE MARÍA TZÚN MOLINA,DIVERSIFICADO,PRIVADO,URBANA,ABIERTA,MONOLINGUE,SIN JORNADA,SEMIPRESENCIAL (FIN DE SEMANA),IZABAL
18-04-0477-46,,18-039,IZABAL,MORALES,"INSTITUTO PRIVADO MIXTO ""ELITE""",BARRIO EL MITCHAL,56968070,ELSA YADIRA MARTINEZ PEREZ,AMED BENJAMIN ROSSILL BARRIENTOS,DIVERSIFICADO,PRIVADO,URBANA,ABIERTA,MONOLINGUE,SIN JORNADA,SEMIPRESENCIAL (UN DÍA A LA SEMANA),IZABAL
18-04-0483-46,,18-039,IZABAL,MORALES,"INSTITUTO PARTICULAR MIXTO DE EDUCACIÓN BÁSICA Y DIVERSIFICADA ""DR. PEDRO MOLINA""",BARRIO EL CARRIZAL,79477890,ELSA YADIRA MARTINEZ PEREZ,MARÍA MAGDALENA MORALES CARRILLO,DIVERSIFICADO,PRIVADO,URBANA,ABIERTA,MONOLINGUE,SIN JORNADA,SEMIPRESENCIAL (FIN DE SEMANA),IZABAL
18-04-0484-46,,18-039,IZABAL,MORALES,"CENTRO EDUCATIVO PRIVADO ""YATZAR NURIM""",BARRIO EL REMOLINO,79479521,ELSA YADIRA MARTINEZ PEREZ,OSMAR GIOVANY ORTEGA CASTRO,DIVERSIFICADO,PRIVADO,URBANA,ABIERTA,MONOLINGUE,SIN JORNADA,SEMIPRESENCIAL (FIN DE SEMANA),IZABAL
18-04-0488-46,,18-039,IZABAL,MORALES,LICEO IZABAL,BARRIO EL CARRIZAL,41504101,ELSA YADIRA MARTINEZ PEREZ,MARIA EUGENIA MOLINA ALDANA,DIVERSIFICADO,PRIVADO,URBANA,ABIERTA,MONOLINGUE,SIN JORNADA,SEMIPRESENCIAL (FIN DE SEMANA),IZABAL
18-04-0490-46,,18-039,IZABAL,MORALES,"COLEGIO PRIVADO MIXTO ""BETHEZDA""",ALDEA CAYUGA,57006014,ELSA YADIRA MARTINEZ PEREZ,MARCO VINICIO FRANCO MORALES,DIVERSIFICADO,PRIVADO,RURAL,ABIERTA,MONOLINGUE,SIN JORNADA,SEMIPRESENCIAL (FIN DE SEMANA),IZABAL
18-04-0492-46,,18-039,IZABAL,MORALES,"INSTITUTO PRIVADO MIXTO ""CRISTO REY""",ALDEA EL CEDRO,30727557,ELSA YADIRA MARTINEZ PEREZ,NANCY CAROLA GÁMEZ ORTÍZ,DIVERSIFICADO,PRIVADO,RURAL,ABIERTA,MONOLINGUE,SIN JORNADA,SEMIPRESENCIAL (FIN DE SEMANA),IZABAL
18-04-0494-46,,18-039,IZABAL,MORALES,COLEGIO PRIVADO MIXTO JIREH,COLONIA VILLAS DEL ROSARIO,51529070,ELSA YADIRA MARTINEZ PEREZ,EDGAR ROLANDO MORALES DE PAZ,DIVERSIFICADO,PRIVADO,URBANA,ABIERTA,MONOLINGUE,SIN JORNADA,SEMIPRESENCIAL (UN DÍA A LA SEMANA),IZABAL
18-04-0496-46,,18-039,IZABAL,MORALES,INSTITUTO PRIVADO MIXTO EL MAESTRO AMIGO,ALDEA RIO NEGRO,40268253,ELSA YADIRA MARTINEZ PEREZ,DARWIN ENRIQUE ALVAREZ MORAN,DIVERSIFICADO,PRIVADO,RURAL,ABIERTA,MONOLINGUE,SIN JORNADA,SEMIPRESENCIAL (UN DÍA A LA SEMANA),IZABAL
18-04-0498-46,,18-039,IZABAL,MORALES,INSTITUTO PRIVADO MIXTO JOSE CECILIO DEL VALLE,ALDEA PLAYITAS,31826809,ELSA YADIRA MARTINEZ PEREZ,VÍCTOR MANUEL BONILLA MARROQUIN,DIVERSIFICADO,PRIVADO,RURAL,ABIERTA,MONOLINGUE,SIN JORNADA,SEMIPRESENCIAL (FIN DE SEMANA),IZABAL
18-04-0500-46,,18-039,IZABAL,MORALES,"CENTRO EDUCATIVO ""MAYA SYSTEMS""",ALDEA LOS ANDES,53626154,ELSA YADIRA MARTINEZ PEREZ,GONZALO ARTURO JUÁREZ GARCÍA,DIVERSIFICADO,PRIVADO,RURAL,ABIERTA,MONOLINGUE,SIN JORNADA,SEMIPRESENCIAL (FIN DE SEMANA),IZABAL
18-04-0501-46,,18-039,IZABAL,MORALES,INSTITUTO PARTICULAR MIXTO RAFAEL AREVALO MARTINEZ,CALLE TULIO MARUZZO,55538518,ELSA YADIRA MARTINEZ PEREZ,RENÉ BARRIENTOS BARRERA,DIVERSIFICADO,PRIVADO,URBANA,ABIERTA,MONOLINGUE,SIN JORNADA,SEMIPRESENCIAL (FIN DE SEMANA),IZABAL
18-04-0503-46,,18-039,IZABAL,MORALES,LICEO ALVAREZ OVALLE,BARRO LOS CASTRO,42601313,ELSA YADIRA MARTINEZ PEREZ,CLAUDIA LORENA QUINTEROS ARREAGA,DIVERSIFICADO,PRIVADO,URBANA,ABIERTA,MONOLINGUE,SIN JORNADA,SEMIPRESENCIAL (FIN DE SEMANA),IZABAL
18-04-0505-46,,18-039,IZABAL,MORALES,LICEO DE FORMACION BASICA Y PROFESIONAL LATINOAMERICANO,BARRIO LAS FLORES,30033544,ELSA YADIRA MARTINEZ PEREZ,KARLA JOHANNA SANABRIA CASTAÑEDA,DIVERSIFICADO,PRIVADO,URBANA,ABIERTA,MONOLINGUE,SIN JORNADA,SEMIPRESENCIAL (FIN DE SEMANA),IZABAL
18-04-0507-46,,18-039,IZABAL,MORALES,COLEGIO PRIVADO BILINGUE FUENTE DE VIDA,ALDEA PLAYITAS,55566421,ELSA YADIRA MARTINEZ PEREZ,KARLA MARISOL PIVARAL PÉREZ,DIVERSIFICADO,PRIVADO,RURAL,ABIERTA,MONOLINGUE,SIN JORNADA,SEMIPRESENCIAL (FIN DE SEMANA),IZABAL
18-04-0508-46,,18-039,IZABAL,MORALES,"COLEGIO PRIVADO MIXTO ""BETHEZDA""",ALDEA CAYUGA,48744101,ELSA YADIRA MARTINEZ PEREZ,MARCO VINICIO FRANCO MORALES,DIVERSIFICADO,PRIVADO,RURAL,ABIERTA,MONOLINGUE,NOCTURNA,DIARIO(REGULAR),IZABAL
18-04-0525-46,,18-030,IZABAL,MORALES,INED,COLONIA HERMANA PATRICIA,45373723,ZOILA ELIZABETH PINEDA,JENIFER MAIRETH CACERES CABALLEROS,DIVERSIFICADO,OFICIAL,URBANA,ABIERTA,MONOLINGUE,VESPERTINA,DIARIO(REGULAR),IZABAL
18-04-1983-46,,18-039,IZABAL,MORALES,INSTITUTO PARTICULAR MIXTO RAFAEL AREVALO MARTINEZ,CALLE TULIO MARUZZO,40911181,ELSA YADIRA MARTINEZ PEREZ,RENÉ BARRIENTOS BARRERA,DIVERSIFICADO,PRIVADO,URBANA,ABIERTA,MONOLINGUE,DOBLE,FIN DE SEMANA,IZABAL
18-04-2433-46,,18-039,IZABAL,MORALES,CENTRO EDUCATIVO BILINGÜE DEL MONTE,FINCA BANANERA,79201120,ELSA YADIRA MARTINEZ PEREZ,CELESTE ANAHY ESPINALES GÁLVEZ,DIVERSIFICADO,PRIVADO,URBANA,ABIERTA,MONOLINGUE,DOBLE,DIARIO(REGULAR),IZABAL
18-04-2444-46,,18-039,IZABAL,MORALES,INSTITUTO PARTICULAR MIXTO DE EDUCACION DIVERSIFICADA PEDRO MOLINA,ALDEA ARAPAHOE,79480009,ELSA YADIRA MARTINEZ PEREZ,JOSE ALBERTO JUAREZ DE PAZ,DIVERSIFICADO,PRIVADO,RURAL,ABIERTA,MONOLINGUE,NOCTURNA,DIARIO(REGULAR),IZABAL
18-04-2526-46,,18-039,IZABAL,MORALES,COLEGIO PRIVADO MIXTO BILINGUE A B C SAN FRANCISCO,BARRIO EL MITCHAL,79478650,ELSA YADIRA MARTINEZ PEREZ,SERGIO DE PAZ FRANCO,DIVERSIFICADO,PRIVADO,URBANA,ABIERTA,MONOLINGUE,VESPERTINA,DIARIO(REGULAR),IZABAL
18-04-2838-46,,18-030,IZABAL,MORALES,INSTITUTO TECNICO MORALENSE ITM,LOTIFICACION SANTA BARBARA,55143008,ZOILA ELIZABETH PINEDA,ROCAEL PAIZ VARELA,DIVERSIFICADO,MUNICIPAL,URBANA,ABIERTA,MONOLINGUE,DOBLE,DIARIO(REGULAR),IZABAL
18-04-3028-46,,18-039,IZABAL,MORALES,INSTITUTO PARTICULAR MIXTO RAFAEL AREVALO MARTINEZ,CALLE MARCO TULIO MARUZZO,79480009,ELSA YADIRA MARTINEZ PEREZ,RENÉ BARRIENTOS BARRERA,DIVERSIFICADO,PRIVADO,URBANA,ABIERTA,MONOLINGUE,NOCTURNA,DIARIO(REGULAR),IZABAL
18-04-3060-46,,18-039,IZABAL,MORALES,INSTITUTO PRIVADO MIXTO DE SUPERACION INTEGRAL EXCELENCIA,BARRIO EL MITCHAL,79476165,ELSA YADIRA MARTINEZ PEREZ,AURA ELIZABETH ACEVEDO VELA,DIVERSIFICADO,PRIVADO,URBANA,ABIERTA,MONOLINGUE,DOBLE,FIN DE SEMANA,IZABAL
18-04-3261-46,,18-039,IZABAL,MORALES,CENTRO EDUCATIVO MAYA SYSTEMS,ALDEA LOS ANDES,53626154,ELSA YADIRA MARTINEZ PEREZ,MAJIB JHESSIELL LANDAVERRY VÁSQUEZ,DIVERSIFICADO,PRIVADO,RURAL,ABIERTA,MONOLINGUE,DOBLE,FIN DE SEMANA,IZABAL
18-04-3275-46,,18-039,IZABAL,MORALES,"INSTITUTO PARTICULAR MIXTO DE EDUCACION BASICA Y DIVERSIFICADA ""DR. PEDRO MOLINA""",BARRIO EL CARRIZAL,79477890-79477891,ELSA YADIRA MARTINEZ PEREZ,JENIFER CAROLINA LÓPEZ CABRERA,DIVERSIFICADO,PRIVADO,URBANA,ABIERTA,MONOLINGUE,MATUTINA,DIARIO(REGULAR),IZABAL
18-05-0032-46,,18-036,IZABAL,LOS AMATES,INSTITUTO NACIONAL DE EDUCACION DIVERSIFICADA P.C. MARCO TULIO RAMIREZ ESTRADA,LOS AMATES,57600359,LESBIA MARELI SANTOS PANCAN DE SUCHITE,MIRZA BERLI SAGASTUME GARCIA,DIVERSIFICADO,OFICIAL,RURAL,ABIERTA,MONOLINGUE,VESPERTINA,DIARIO(REGULAR),IZABAL
18-05-0033-46,,18-036,IZABAL,LOS AMATES,INSTITUTO NACIONAL DE EDUCACION DIVERSIFICADA,ALDEA MARISCOS,47472455,LESBIA MARELI SANTOS PANCAN DE SUCHITE,HENRY EDILBERTO LEONARDO MARTINEZ,DIVERSIFICADO,OFICIAL,RURAL,ABIERTA,MONOLINGUE,VESPERTINA,DIARIO(REGULAR),IZABAL
18-05-0084-46,,18-037,IZABAL,LOS AMATES,CENTRO EDUCATIVO MAYA,BARRIO LA CASONA,53034233,MIRNA JUDITH AQUINO RIVERA DE ELIAS,HÉCTOR REYNALDO GÓMEZ AGUILAR,DIVERSIFICADO,PRIVADO,URBANA,ABIERTA,MONOLINGUE,VESPERTINA,DIARIO(REGULAR),IZABAL
18-05-0085-46,,18-037,IZABAL,LOS AMATES,CENTRO EDUCATIVO MAYA,BARRIO LA CASONA,53034233,MIRNA JUDITH AQUINO RIVERA DE ELIAS,HÉCTOR REYNALDO GÓMEZ AGUILAR,DIVERSIFICADO,PRIVADO,URBANA,ABIERTA,MONOLINGUE,DOBLE,DIARIO(REGULAR),IZABAL
18-05-0086-46,,18-037,IZABAL,LOS AMATES,CENTRO EDUCATIVO MAYA,BARRIO LA CASONA,53034233,MIRNA JUDITH AQUINO RIVERA DE ELIAS,HÉCTOR REYNALDO GÓMEZ AGUILAR,DIVERSIFICADO,PRIVADO,URBANA,ABIERTA,MONOLINGUE,DOBLE,FIN DE SEMANA,IZABAL
18-05-0103-46,,18-037,IZABAL,LOS AMATES,"COLEGIO ""ENRIQUE ESTRADA SANDOVAL""","COLONIA SANTA MARTA, BARRIO EL POZON",79473813,MIRNA JUDITH AQUINO RIVERA DE ELIAS,JULIO DAVID CROSS CARDONA,DIVERSIFICADO,PRIVADO,URBANA,ABIERTA,MONOLINGUE,VESPERTINA,DIARIO(REGULAR),IZABAL
18-05-0104-46,,18-037,IZABAL,LOS AMATES,COLEGIO EVANGELICO PRIVADO MIXTO HOREB JULIO GONZALEZ,CALLE 15 DE SEPTIEMBRE,79473173,MIRNA JUDITH AQUINO RIVERA DE ELIAS,BRENDA ROXANA AYALA MORENTE,DIVERSIFICADO,PRIVADO,URBANA,ABIERTA,MONOLINGUE,VESPERTINA,DIARIO(REGULAR),IZABAL
18-05-0105-46,,18-037,IZABAL,LOS AMATES,COLEGIO J. HARVARD,BARRIO EL INSTITUTO,57022244,MIRNA JUDITH AQUINO RIVERA DE ELIAS,EDITA SELENA ORTEGA MANCHAMÉ,DIVERSIFICADO,PRIVADO,URBANA,ABIERTA,MONOLINGUE,DOBLE,FIN DE SEMANA,IZABAL
18-05-0107-46,,18-037,IZABAL,LOS AMATES,COLEGIO EVANGELICO PRIVADO MIXTO HOREB JULIO GONZALEZ,CALLE 15 DE SEPTIEMBRE,79473173,MIRNA JUDITH AQUINO RIVERA DE ELIAS,BRENDA ROXANA AYALA MORENTE,DIVERSIFICADO,PRIVADO,URBANA,ABIERTA,MONOLINGUE,DOBLE,DIARIO(REGULAR),IZABAL
18-05-0110-46,,18-036,IZABAL,LOS AMATES,INSTITUTO NACIONAL DE EDUCACION DIVERSIFICADA,ALDEA PLANES DE SANTA ROSA,57010886,LESBIA MARELI SANTOS PANCAN DE SUCHITE,EDY JEREMÍAS OLIVA ALDANA,DIVERSIFICADO,OFICIAL,RURAL,ABIERTA,MONOLINGUE,VESPERTINA,DIARIO(REGULAR),IZABAL
18-05-0111-46,,18-037,IZABAL,LOS AMATES,COLEGIO PRIVADO LIC. DAVID VELA,KM 200 AL ATLANTICO,79473116,MIRNA JUDITH AQUINO RIVERA DE ELIAS,HÉCTOR ENRIQUE ZÚÑIGA ORELLANA,DIVERSIFICADO,PRIVADO,URBANA,ABIERTA,MONOLINGUE,VESPERTINA,DIARIO(REGULAR),IZABAL
18-05-0117-46,,18-037,IZABAL,LOS AMATES,CENTRO EDUCATIVO MAYA,BARRIO LA CASONA,53034233,MIRNA JUDITH AQUINO RIVERA DE ELIAS,HÉCTOR REYNALDO GÓMEZ AGUILAR,DIVERSIFICADO,PRIVADO,URBANA,ABIERTA,MONOLINGUE,VESPERTINA,DIARIO(REGULAR),IZABAL
18-05-0118-46,,18-037,IZABAL,LOS AMATES,CENTRO EDUCATIVO MAYA,BARRIO LA CASONA,53034233,MIRNA JUDITH AQUINO RIVERA DE ELIAS,HÉCTOR REYNALDO GÓMEZ AGUILAR,DIVERSIFICADO,PRIVADO,URBANA,ABIERTA,MONOLINGUE,DOBLE,FIN DE SEMANA,IZABAL
18-05-0125-46,,18-037,IZABAL,LOS AMATES,"LICEO PRIVADO MIXTO ""HAMA"" LIC. HOLCAR ALEXANDER MORALES ARROYO","BARRIO TOLTEC, ALDEA QUIRIGUA",44833814,MIRNA JUDITH AQUINO RIVERA DE ELIAS,MIGUEL ANGEL DE PAZ ACEVEDO,DIVERSIFICADO,PRIVADO,RURAL,ABIERTA,MONOLINGUE,DOBLE,FIN DE SEMANA,IZABAL
18-05-0126-46,,18-037,IZABAL,LOS AMATES,"LICEO PRIVADO MIXTO ""HAMA"" LIC. HOLCAR ALEXANDER MORALES ARROYO","BARRIO TOLTEC, ALDEA QUIRIGUA",44833814,MIRNA JUDITH AQUINO RIVERA DE ELIAS,MIGUEL ANGEL DE PAZ ACEVEDO,DIVERSIFICADO,PRIVADO,RURAL,ABIERTA,MONOLINGUE,MATUTINA,DIARIO(REGULAR),IZABAL
18-05-0129-46,,18-036,IZABAL,LOS AMATES,INSTITUTO NACIONAL DE EDUCACION DIVERSIFICADA PUENTE,ALDEA PUNTA BRAVA,44900790,LESBIA MARELI SANTOS PANCAN DE SUCHITE,COSMEN ENRIQUE SÁNCHEZ CAC,DIVERSIFICADO,OFICIAL,RURAL,ABIERTA,MONOLINGUE,MATUTINA,DIARIO(REGULAR),IZABAL
18-05-0133-46,,18-037,IZABAL,LOS AMATES,"COLEGIO PRIVADO ""LIC. DAVID VELA""",KILOMETRO 200 RUTA AL ATLÁNTICO,79473116,MIRNA JUDITH AQUINO RIVERA DE ELIAS,HECTOR ENRIQUE ZUÑIGA ORELLANA,DIVERSIFICADO,PRIVADO,URBANA,ABIERTA,MONOLINGUE,DOBLE,FIN DE SEMANA,IZABAL
18-05-0134-46,,18-037,IZABAL,LOS AMATES,"COLEGIO PRIVADO ""LIC. DAVID VELA""",KILOMETRO 200 RUTA AL ATLANTICO,79473116,MIRNA JUDITH AQUINO RIVERA DE ELIAS,HECTOR ENRIQUE ZUÑIGA ORELLANA,DIVERSIFICADO,PRIVADO,URBANA,ABIERTA,MONOLINGUE,DOBLE,FIN DE SEMANA,IZABAL
18-05-0137-46,,18-037,IZABAL,LOS AMATES,CENTRO EDUCATIVO MAYA,BARRIO LA CASONA,53034233,MIRNA JUDITH AQUINO RIVERA DE ELIAS,HÉCTOR REYNALDO GÓMEZ AGUILAR,DIVERSIFICADO,PRIVADO,URBANA,ABIERTA,MONOLINGUE,SIN JORNADA,SEMIPRESENCIAL (UN DÍA A LA SEMANA),IZABAL
18-05-0141-46,,18-037,IZABAL,LOS AMATES,"ESCUELA PARTICULAR MIXTA ""LICENCIADO DAVID VELA""",KILOMETRO 200 RUTA AL ATLANTICO,79473116,MIRNA JUDITH AQUINO RIVERA DE ELIAS,HÉCTOR ENRIQUE ZÚÑIGA ORELLANA,DIVERSIFICADO,PRIVADO,URBANA,ABIERTA,MONOLINGUE,SIN JORNADA,SEMIPRESENCIAL (FIN DE SEMANA),IZABAL
18-05-0143-46,,18-037,IZABAL,LOS AMATES,COLEGIO J. HARVARD,BARRIO EL INSTITUTO,57022244,MIRNA JUDITH AQUINO RIVERA DE ELIAS,EDITA SELENA ORTEGA MANCHAMÉ,DIVERSIFICADO,PRIVADO,URBANA,ABIERTA,MONOLINGUE,SIN JORNADA,SEMIPRESENCIAL (UN DÍA A LA SEMANA),IZABAL
18-05-0145-46,,18-037,IZABAL,LOS AMATES,"LICEO PRIVADO MIXTO ""HAMA"" LIC. HOLCAR ALEXANDER MORALES ARROYO","BARRIO TOLTEC, ALDEA QUIRIGUA",44833814,MIRNA JUDITH AQUINO RIVERA DE ELIAS,MIGUEL ANGEL DE PAZ ACEVEDO,DIVERSIFICADO,PRIVADO,RURAL,ABIERTA,MONOLINGUE,SIN JORNADA,SEMIPRESENCIAL (FIN DE SEMANA),IZABAL
18-05-0146-46,,18-037,IZABAL,LOS AMATES,"COLEGIO CATOLICO MIXTO ""NUEVO SAN JOSÉ""",BARRIO EL CEMENTERIO,30363418,MIRNA JUDITH AQUINO RIVERA DE ELIAS,NESTOR IRAN NAVAS GUZMÁN,DIVERSIFICADO,PRIVADO,URBANA,ABIERTA,MONOLINGUE,VESPERTINA,DIARIO(REGULAR),IZABAL
18-05-0152-46,,18-037,IZABAL,LOS AMATES,CENTRO EDUCATIVO MAYA,BARRIO LA CASONA,53034233,MIRNA JUDITH AQUINO RIVERA DE ELIAS,HÉCTOR REYNALDO GÓMEZ AGUILAR,DIVERSIFICADO,PRIVADO,URBANA,ABIERTA,MONOLINGUE,NOCTURNA,DIARIO(REGULAR),IZABAL
18-05-0154-46,,18-037,IZABAL,LOS AMATES,CENTRO EDUCATIVO MAYA,BARRIO LA CASONA,53034233,MIRNA JUDITH AQUINO RIVERA DE ELIAS,HÉCTOR REYNALDO GÓMEZ AGUILAR,DIVERSIFICADO,PRIVADO,URBANA,ABIERTA,MONOLINGUE,NOCTURNA,DIARIO(REGULAR),IZABAL
18-05-0156-46,,18-009,IZABAL,LOS AMATES,GRUPO LA CEIBA,ALDEA PUNTA BRAVA,37199322,ANA MARIBEL CASTILLO DIAZ,ERVIN ARNOLDO ESQUIVEL AVILA,DIVERSIFICADO,PRIVADO,RURAL,ABIERTA,MONOLINGUE,DOBLE,SEMIPRESENCIAL,IZABAL
18-05-0482-46,,18-036,IZABAL,LOS AMATES,ESCUELA NACIONAL DE CIENCIAS COMERCIALES PROFESOR OSCAR JAMES DUQUE,"COLONIA SANTA MARTA, BARRIO EL POZON",79473697,LESBIA MARELI SANTOS PANCAN DE SUCHITE,HÉCTOR REYNALDO GÓMEZ AGUILAR,DIVERSIFICADO,OFICIAL,URBANA,ABIERTA,MONOLINGUE,MATUTINA,DIARIO(REGULAR),IZABAL
18-05-1982-46,,18-037,IZABAL,LOS AMATES,COLEGIO J. HARVARD,KILOMETRO 201 LOS AMATES IZABAL,57022244,MIRNA JUDITH AQUINO RIVERA DE ELIAS,EDITA SELENA ORTEGA MANCHAMÉ,DIVERSIFICADO,PRIVADO,URBANA,ABIERTA,MONOLINGUE,VESPERTINA,DIARIO(REGULAR),IZABAL
18-05-3059-46,,18-037,IZABAL,LOS AMATES,INSTITUTO DE FORMACION BASICA Y PROFESIONAL ENRIQUE ESTRADA SANDOVAL,"COLONIA SANTA MARTA, BARRIO EL POZON",79473813,MIRNA JUDITH AQUINO RIVERA DE ELIAS,GLADIS MARIVEL OCHOA RUIZ DE GONZALEZ,DIVERSIFICADO,PRIVADO,URBANA,ABIERTA,MONOLINGUE,VESPERTINA,DIARIO(REGULAR),IZABAL
